{
    "features": [
        {
            "geometry": {
                "coordinates": [
                    [
                        [
                            120.6222,
                            23.4466,
                            112.5
                        ],
                        [
                            120.6263,
                            23.5185,
                            112.5
                        ],
                        [
                            120.6742,
                            23.5162,
                            2937.5
                        ],
                        [
                            120.6701,
                            23.4444,
                            2937.5
                        ],
                        [
                            120.6222,
                            23.4466,
                            112.5
                        ]
                    ]
                ],
                "type": "Polygon"
            },
            "properties": {
                "fill": "#FFFFFF",
                "fill-opacity": 1,
                "rake": 84.3109,
                "rise": 3.0,
                "sf_moment": 1.9e+17,
                "slip": 0.3777,
                "stroke-width": 1.5,
                "trup": 43.0,
                "x==ew": -19.2594,
                "y==ns": -39.0705
            },
            "type": "Feature"
        },
        {
            "geometry": {
                "coordinates": [
                    [
                        [
                            120.6263,
                            23.5185,
                            112.5
                        ],
                        [
                            120.6304,
                            23.5904,
                            112.5
                        ],
                        [
                            120.6783,
                            23.5881,
                            2937.5
                        ],
                        [
                            120.6742,
                            23.5163,
                            2937.5
                        ],
                        [
                            120.6263,
                            23.5185,
                            112.5
                        ]
                    ]
                ],
                "type": "Polygon"
            },
            "properties": {
                "fill": "#FFFFFF",
                "fill-opacity": 1,
                "rake": 73.1609,
                "rise": 2.0,
                "sf_moment": 2.66e+17,
                "slip": 0.528,
                "stroke-width": 1.5,
                "trup": 29.4,
                "x==ew": -18.8309,
                "y==ns": -31.0765
            },
            "type": "Feature"
        },
        {
            "geometry": {
                "coordinates": [
                    [
                        [
                            120.6304,
                            23.5904,
                            112.5
                        ],
                        [
                            120.6345,
                            23.6623,
                            112.5
                        ],
                        [
                            120.6825,
                            23.66,
                            2937.5
                        ],
                        [
                            120.6783,
                            23.5882,
                            2937.5
                        ],
                        [
                            120.6304,
                            23.5904,
                            112.5
                        ]
                    ]
                ],
                "type": "Polygon"
            },
            "properties": {
                "fill": "#DCFFFF",
                "fill-opacity": 1,
                "rake": 48.2791,
                "rise": 1.0,
                "sf_moment": 4.93e+17,
                "slip": 0.9795,
                "stroke-width": 1.5,
                "trup": 13.2,
                "x==ew": -18.4029,
                "y==ns": -23.0825
            },
            "type": "Feature"
        },
        {
            "geometry": {
                "coordinates": [
                    [
                        [
                            120.6345,
                            23.6623,
                            112.5
                        ],
                        [
                            120.6386,
                            23.7342,
                            112.5
                        ],
                        [
                            120.6866,
                            23.7319,
                            2937.5
                        ],
                        [
                            120.6824,
                            23.6601,
                            2937.5
                        ],
                        [
                            120.6345,
                            23.6623,
                            112.5
                        ]
                    ]
                ],
                "type": "Polygon"
            },
            "properties": {
                "fill": "#6DFFFF",
                "fill-opacity": 1,
                "rake": 68.9775,
                "rise": 1.0,
                "sf_moment": 7.55e+17,
                "slip": 1.5015,
                "stroke-width": 1.5,
                "trup": 7.8,
                "x==ew": -17.9753,
                "y==ns": -15.0884
            },
            "type": "Feature"
        },
        {
            "geometry": {
                "coordinates": [
                    [
                        [
                            120.6386,
                            23.7342,
                            112.5
                        ],
                        [
                            120.6428,
                            23.8061,
                            112.5
                        ],
                        [
                            120.6908,
                            23.8038,
                            2937.5
                        ],
                        [
                            120.6866,
                            23.732,
                            2937.5
                        ],
                        [
                            120.6386,
                            23.7342,
                            112.5
                        ]
                    ]
                ],
                "type": "Polygon"
            },
            "properties": {
                "fill": "#00FFAB",
                "fill-opacity": 1,
                "rake": 61.4098,
                "rise": 2.0,
                "sf_moment": 1.19e+18,
                "slip": 2.3579,
                "stroke-width": 1.5,
                "trup": 8.6,
                "x==ew": -17.538,
                "y==ns": -7.0944
            },
            "type": "Feature"
        },
        {
            "geometry": {
                "coordinates": [
                    [
                        [
                            120.6427,
                            23.8061,
                            112.5
                        ],
                        [
                            120.6468,
                            23.878,
                            112.5
                        ],
                        [
                            120.6949,
                            23.8757,
                            2937.5
                        ],
                        [
                            120.6908,
                            23.8039,
                            2937.5
                        ],
                        [
                            120.6427,
                            23.8061,
                            112.5
                        ]
                    ]
                ],
                "type": "Polygon"
            },
            "properties": {
                "fill": "#1FFF00",
                "fill-opacity": 1,
                "rake": 51.7753,
                "rise": 4.0,
                "sf_moment": 1.57e+18,
                "slip": 3.1131,
                "stroke-width": 1.5,
                "trup": 9.6,
                "x==ew": -17.1113,
                "y==ns": 0.8997
            },
            "type": "Feature"
        },
        {
            "geometry": {
                "coordinates": [
                    [
                        [
                            120.6468,
                            23.878,
                            112.5
                        ],
                        [
                            120.6509,
                            23.9499,
                            112.5
                        ],
                        [
                            120.699,
                            23.9476,
                            2937.5
                        ],
                        [
                            120.6949,
                            23.8758,
                            2937.5
                        ],
                        [
                            120.6468,
                            23.878,
                            112.5
                        ]
                    ]
                ],
                "type": "Polygon"
            },
            "properties": {
                "fill": "#B9FF00",
                "fill-opacity": 1,
                "rake": 48.0402,
                "rise": 5.0,
                "sf_moment": 1.85e+18,
                "slip": 3.6836,
                "stroke-width": 1.5,
                "trup": 7.8,
                "x==ew": -16.6851,
                "y==ns": 8.8938
            },
            "type": "Feature"
        },
        {
            "geometry": {
                "coordinates": [
                    [
                        [
                            120.6509,
                            23.9499,
                            112.5
                        ],
                        [
                            120.655,
                            24.0218,
                            112.5
                        ],
                        [
                            120.7031,
                            24.0195,
                            2937.5
                        ],
                        [
                            120.699,
                            23.9477,
                            2937.5
                        ],
                        [
                            120.6509,
                            23.9499,
                            112.5
                        ]
                    ]
                ],
                "type": "Polygon"
            },
            "properties": {
                "fill": "#D8FF00",
                "fill-opacity": 1,
                "rake": 42.4215,
                "rise": 3.0,
                "sf_moment": 1.92e+18,
                "slip": 3.8144,
                "stroke-width": 1.5,
                "trup": 8.4,
                "x==ew": -16.2644,
                "y==ns": 16.8878
            },
            "type": "Feature"
        },
        {
            "geometry": {
                "coordinates": [
                    [
                        [
                            120.655,
                            24.0218,
                            112.5
                        ],
                        [
                            120.6591,
                            24.0937,
                            112.5
                        ],
                        [
                            120.7072,
                            24.0914,
                            2937.5
                        ],
                        [
                            120.7031,
                            24.0196,
                            2937.5
                        ],
                        [
                            120.655,
                            24.0218,
                            112.5
                        ]
                    ]
                ],
                "type": "Polygon"
            },
            "properties": {
                "fill": "#44FF00",
                "fill-opacity": 1,
                "rake": 40.3389,
                "rise": 5.0,
                "sf_moment": 1.63e+18,
                "slip": 3.2353,
                "stroke-width": 1.5,
                "trup": 12.8,
                "x==ew": -15.8441,
                "y==ns": 24.8819
            },
            "type": "Feature"
        },
        {
            "geometry": {
                "coordinates": [
                    [
                        [
                            120.6592,
                            24.0937,
                            112.5
                        ],
                        [
                            120.6633,
                            24.1656,
                            112.5
                        ],
                        [
                            120.7115,
                            24.1633,
                            2937.5
                        ],
                        [
                            120.7073,
                            24.0915,
                            2937.5
                        ],
                        [
                            120.6592,
                            24.0937,
                            112.5
                        ]
                    ]
                ],
                "type": "Polygon"
            },
            "properties": {
                "fill": "#12FF00",
                "fill-opacity": 1,
                "rake": 42.0248,
                "rise": 2.0,
                "sf_moment": 1.54e+18,
                "slip": 3.053,
                "stroke-width": 1.5,
                "trup": 12.8,
                "x==ew": -15.409,
                "y==ns": 32.876
            },
            "type": "Feature"
        },
        {
            "geometry": {
                "coordinates": [
                    [
                        [
                            120.6633,
                            24.1656,
                            112.5
                        ],
                        [
                            120.6674,
                            24.2375,
                            112.5
                        ],
                        [
                            120.7156,
                            24.2352,
                            2937.5
                        ],
                        [
                            120.7114,
                            24.1634,
                            2937.5
                        ],
                        [
                            120.6633,
                            24.1656,
                            112.5
                        ]
                    ]
                ],
                "type": "Polygon"
            },
            "properties": {
                "fill": "#00FFCA",
                "fill-opacity": 1,
                "rake": 52.0841,
                "rise": 1.0,
                "sf_moment": 1.13e+18,
                "slip": 2.2464,
                "stroke-width": 1.5,
                "trup": 19.2,
                "x==ew": -14.9846,
                "y==ns": 40.8702
            },
            "type": "Feature"
        },
        {
            "geometry": {
                "coordinates": [
                    [
                        [
                            120.6673,
                            24.2375,
                            112.5
                        ],
                        [
                            120.6715,
                            24.3094,
                            112.5
                        ],
                        [
                            120.7197,
                            24.3071,
                            2937.5
                        ],
                        [
                            120.7155,
                            24.2353,
                            2937.5
                        ],
                        [
                            120.6673,
                            24.2375,
                            112.5
                        ]
                    ]
                ],
                "type": "Polygon"
            },
            "properties": {
                "fill": "#F4FFFF",
                "fill-opacity": 1,
                "rake": 54.468,
                "rise": 5.0,
                "sf_moment": 4.31e+17,
                "slip": 0.8562,
                "stroke-width": 1.5,
                "trup": 45.6,
                "x==ew": -14.5606,
                "y==ns": 48.8643
            },
            "type": "Feature"
        },
        {
            "geometry": {
                "coordinates": [
                    [
                        [
                            120.6714,
                            24.3094,
                            112.5
                        ],
                        [
                            120.6756,
                            24.3813,
                            112.5
                        ],
                        [
                            120.7238,
                            24.379,
                            2937.5
                        ],
                        [
                            120.7196,
                            24.3072,
                            2937.5
                        ],
                        [
                            120.6714,
                            24.3094,
                            112.5
                        ]
                    ]
                ],
                "type": "Polygon"
            },
            "properties": {
                "fill": "#FFFFFF",
                "fill-opacity": 1,
                "rake": 55.9963,
                "rise": 4.0,
                "sf_moment": 1.11e+17,
                "slip": 0.2213,
                "stroke-width": 1.5,
                "trup": 69.6,
                "x==ew": -14.137,
                "y==ns": 56.8585
            },
            "type": "Feature"
        },
        {
            "geometry": {
                "coordinates": [
                    [
                        [
                            120.6755,
                            24.3813,
                            112.5
                        ],
                        [
                            120.6796,
                            24.4532,
                            112.5
                        ],
                        [
                            120.7279,
                            24.4509,
                            2937.5
                        ],
                        [
                            120.7238,
                            24.3791,
                            2937.5
                        ],
                        [
                            120.6755,
                            24.3813,
                            112.5
                        ]
                    ]
                ],
                "type": "Polygon"
            },
            "properties": {
                "fill": "#FFFFFF",
                "fill-opacity": 1,
                "rake": 77.8019,
                "rise": 2.0,
                "sf_moment": 1.16e+17,
                "slip": 0.2301,
                "stroke-width": 1.5,
                "trup": 86.8,
                "x==ew": -13.7139,
                "y==ns": 64.8526
            },
            "type": "Feature"
        },
        {
            "geometry": {
                "coordinates": [
                    [
                        [
                            120.6797,
                            24.4532,
                            112.5
                        ],
                        [
                            120.6838,
                            24.5251,
                            112.5
                        ],
                        [
                            120.7321,
                            24.5228,
                            2937.5
                        ],
                        [
                            120.728,
                            24.451,
                            2937.5
                        ],
                        [
                            120.6797,
                            24.4532,
                            112.5
                        ]
                    ]
                ],
                "type": "Polygon"
            },
            "properties": {
                "fill": "#FFFFFF",
                "fill-opacity": 1,
                "rake": 52.0839,
                "rise": 4.0,
                "sf_moment": 1.63e+17,
                "slip": 0.3235,
                "stroke-width": 1.5,
                "trup": 100.2,
                "x==ew": -13.2862,
                "y==ns": 72.8468
            },
            "type": "Feature"
        },
        {
            "geometry": {
                "coordinates": [
                    [
                        [
                            120.6838,
                            24.5251,
                            112.5
                        ],
                        [
                            120.6879,
                            24.597,
                            112.5
                        ],
                        [
                            120.7363,
                            24.5947,
                            2937.5
                        ],
                        [
                            120.7321,
                            24.5229,
                            2937.5
                        ],
                        [
                            120.6838,
                            24.5251,
                            112.5
                        ]
                    ]
                ],
                "type": "Polygon"
            },
            "properties": {
                "fill": "#FFFFFF",
                "fill-opacity": 1,
                "rake": 67.9131,
                "rise": 4.0,
                "sf_moment": 2.79e+17,
                "slip": 0.5548,
                "stroke-width": 1.5,
                "trup": 109.2,
                "x==ew": -12.8641,
                "y==ns": 80.841
            },
            "type": "Feature"
        },
        {
            "geometry": {
                "coordinates": [
                    [
                        [
                            120.6879,
                            24.597,
                            112.5
                        ],
                        [
                            120.692,
                            24.6689,
                            112.5
                        ],
                        [
                            120.7404,
                            24.6666,
                            2937.5
                        ],
                        [
                            120.7362,
                            24.5948,
                            2937.5
                        ],
                        [
                            120.6879,
                            24.597,
                            112.5
                        ]
                    ]
                ],
                "type": "Polygon"
            },
            "properties": {
                "fill": "#E1FFFF",
                "fill-opacity": 1,
                "rake": 58.4224,
                "rise": 4.0,
                "sf_moment": 4.72e+17,
                "slip": 0.938,
                "stroke-width": 1.5,
                "trup": 113.2,
                "x==ew": -12.4474,
                "y==ns": 88.8352
            },
            "type": "Feature"
        },
        {
            "geometry": {
                "coordinates": [
                    [
                        [
                            120.6919,
                            24.6689,
                            112.5
                        ],
                        [
                            120.6961,
                            24.7408,
                            112.5
                        ],
                        [
                            120.7445,
                            24.7385,
                            2937.5
                        ],
                        [
                            120.7403,
                            24.6667,
                            2937.5
                        ],
                        [
                            120.6919,
                            24.6689,
                            112.5
                        ]
                    ]
                ],
                "type": "Polygon"
            },
            "properties": {
                "fill": "#FFFFFF",
                "fill-opacity": 1,
                "rake": 82.5327,
                "rise": 3.0,
                "sf_moment": 3.35e+17,
                "slip": 0.6652,
                "stroke-width": 1.5,
                "trup": 117.6,
                "x==ew": -12.0261,
                "y==ns": 96.8294
            },
            "type": "Feature"
        },
        {
            "geometry": {
                "coordinates": [
                    [
                        [
                            120.6703,
                            23.4443,
                            2937.5
                        ],
                        [
                            120.6744,
                            23.5162,
                            2937.5
                        ],
                        [
                            120.7223,
                            23.5139,
                            5762.5
                        ],
                        [
                            120.7182,
                            23.4421,
                            5762.5
                        ],
                        [
                            120.6703,
                            23.4443,
                            2937.5
                        ]
                    ]
                ],
                "type": "Polygon"
            },
            "properties": {
                "fill": "#5AFFFF",
                "fill-opacity": 1,
                "rake": 42.6266,
                "rise": 3.0,
                "sf_moment": 1.66e+18,
                "slip": 1.6004,
                "stroke-width": 1.5,
                "trup": 42.4,
                "x==ew": -14.3543,
                "y==ns": -39.3319
            },
            "type": "Feature"
        },
        {
            "geometry": {
                "coordinates": [
                    [
                        [
                            120.6744,
                            23.5162,
                            2937.5
                        ],
                        [
                            120.6785,
                            23.5881,
                            2937.5
                        ],
                        [
                            120.7264,
                            23.5858,
                            5762.5
                        ],
                        [
                            120.7223,
                            23.514,
                            5762.5
                        ],
                        [
                            120.6744,
                            23.5162,
                            2937.5
                        ]
                    ]
                ],
                "type": "Polygon"
            },
            "properties": {
                "fill": "#99FFFF",
                "fill-opacity": 1,
                "rake": 48.8997,
                "rise": 2.0,
                "sf_moment": 1.35e+18,
                "slip": 1.3021,
                "stroke-width": 1.5,
                "trup": 28.6,
                "x==ew": -13.9285,
                "y==ns": -31.3378
            },
            "type": "Feature"
        },
        {
            "geometry": {
                "coordinates": [
                    [
                        [
                            120.6785,
                            23.5881,
                            2937.5
                        ],
                        [
                            120.6826,
                            23.66,
                            2937.5
                        ],
                        [
                            120.7306,
                            23.6577,
                            5762.5
                        ],
                        [
                            120.7264,
                            23.5859,
                            5762.5
                        ],
                        [
                            120.6785,
                            23.5881,
                            2937.5
                        ]
                    ]
                ],
                "type": "Polygon"
            },
            "properties": {
                "fill": "#85FFFF",
                "fill-opacity": 1,
                "rake": 50.1998,
                "rise": 3.0,
                "sf_moment": 1.45e+18,
                "slip": 1.3954,
                "stroke-width": 1.5,
                "trup": 17.2,
                "x==ew": -13.5032,
                "y==ns": -23.3436
            },
            "type": "Feature"
        },
        {
            "geometry": {
                "coordinates": [
                    [
                        [
                            120.6826,
                            23.66,
                            2937.5
                        ],
                        [
                            120.6867,
                            23.7319,
                            2937.5
                        ],
                        [
                            120.7347,
                            23.7296,
                            5762.5
                        ],
                        [
                            120.7305,
                            23.6578,
                            5762.5
                        ],
                        [
                            120.6826,
                            23.66,
                            2937.5
                        ]
                    ]
                ],
                "type": "Polygon"
            },
            "properties": {
                "fill": "#00FFFD",
                "fill-opacity": 1,
                "rake": 77.823,
                "rise": 5.0,
                "sf_moment": 2.13e+18,
                "slip": 2.0565,
                "stroke-width": 1.5,
                "trup": 10.4,
                "x==ew": -13.0783,
                "y==ns": -15.3494
            },
            "type": "Feature"
        },
        {
            "geometry": {
                "coordinates": [
                    [
                        [
                            120.6866,
                            23.7319,
                            2937.5
                        ],
                        [
                            120.6908,
                            23.8038,
                            2937.5
                        ],
                        [
                            120.7388,
                            23.8015,
                            5762.5
                        ],
                        [
                            120.7346,
                            23.7297,
                            5762.5
                        ],
                        [
                            120.6866,
                            23.7319,
                            2937.5
                        ]
                    ]
                ],
                "type": "Polygon"
            },
            "properties": {
                "fill": "#00FF58",
                "fill-opacity": 1,
                "rake": 67.2052,
                "rise": 3.0,
                "sf_moment": 2.77e+18,
                "slip": 2.6679,
                "stroke-width": 1.5,
                "trup": 11.2,
                "x==ew": -12.6539,
                "y==ns": -7.3552
            },
            "type": "Feature"
        },
        {
            "geometry": {
                "coordinates": [
                    [
                        [
                            120.6908,
                            23.8038,
                            2937.5
                        ],
                        [
                            120.6949,
                            23.8757,
                            2937.5
                        ],
                        [
                            120.743,
                            23.8734,
                            5762.5
                        ],
                        [
                            120.7389,
                            23.8016,
                            5762.5
                        ],
                        [
                            120.6908,
                            23.8038,
                            2937.5
                        ]
                    ]
                ],
                "type": "Polygon"
            },
            "properties": {
                "fill": "#FFEE00",
                "fill-opacity": 1,
                "rake": 57.7523,
                "rise": 5.0,
                "sf_moment": 4.32e+18,
                "slip": 4.1663,
                "stroke-width": 1.5,
                "trup": 12.6,
                "x==ew": -12.2197,
                "y==ns": 0.639
            },
            "type": "Feature"
        },
        {
            "geometry": {
                "coordinates": [
                    [
                        [
                            120.6949,
                            23.8757,
                            2937.5
                        ],
                        [
                            120.699,
                            23.9476,
                            2937.5
                        ],
                        [
                            120.7471,
                            23.9453,
                            5762.5
                        ],
                        [
                            120.743,
                            23.8735,
                            5762.5
                        ],
                        [
                            120.6949,
                            23.8757,
                            2937.5
                        ]
                    ]
                ],
                "type": "Polygon"
            },
            "properties": {
                "fill": "#FF9800",
                "fill-opacity": 1,
                "rake": 47.3886,
                "rise": 5.0,
                "sf_moment": 5.3e+18,
                "slip": 5.1125,
                "stroke-width": 1.5,
                "trup": 8.6,
                "x==ew": -11.7962,
                "y==ns": 8.6332
            },
            "type": "Feature"
        },
        {
            "geometry": {
                "coordinates": [
                    [
                        [
                            120.699,
                            23.9476,
                            2937.5
                        ],
                        [
                            120.7031,
                            24.0195,
                            2937.5
                        ],
                        [
                            120.7512,
                            24.0172,
                            5762.5
                        ],
                        [
                            120.7471,
                            23.9454,
                            5762.5
                        ],
                        [
                            120.699,
                            23.9476,
                            2937.5
                        ]
                    ]
                ],
                "type": "Polygon"
            },
            "properties": {
                "fill": "#FF6600",
                "fill-opacity": 1,
                "rake": 43.1563,
                "rise": 1.0,
                "sf_moment": 5.62e+18,
                "slip": 5.4127,
                "stroke-width": 1.5,
                "trup": 6.4,
                "x==ew": -11.3782,
                "y==ns": 16.6274
            },
            "type": "Feature"
        },
        {
            "geometry": {
                "coordinates": [
                    [
                        [
                            120.7031,
                            24.0195,
                            2937.5
                        ],
                        [
                            120.7072,
                            24.0914,
                            2937.5
                        ],
                        [
                            120.7553,
                            24.0891,
                            5762.5
                        ],
                        [
                            120.7512,
                            24.0173,
                            5762.5
                        ],
                        [
                            120.7031,
                            24.0195,
                            2937.5
                        ]
                    ]
                ],
                "type": "Polygon"
            },
            "properties": {
                "fill": "#FF9400",
                "fill-opacity": 1,
                "rake": 45.3162,
                "rise": 5.0,
                "sf_moment": 5.34e+18,
                "slip": 5.144,
                "stroke-width": 1.5,
                "trup": 19.6,
                "x==ew": -10.9606,
                "y==ns": 24.6217
            },
            "type": "Feature"
        },
        {
            "geometry": {
                "coordinates": [
                    [
                        [
                            120.7072,
                            24.0914,
                            2937.5
                        ],
                        [
                            120.7113,
                            24.1633,
                            2937.5
                        ],
                        [
                            120.7595,
                            24.161,
                            5762.5
                        ],
                        [
                            120.7553,
                            24.0892,
                            5762.5
                        ],
                        [
                            120.7072,
                            24.0914,
                            2937.5
                        ]
                    ]
                ],
                "type": "Polygon"
            },
            "properties": {
                "fill": "#FF8700",
                "fill-opacity": 1,
                "rake": 47.5599,
                "rise": 3.0,
                "sf_moment": 5.41e+18,
                "slip": 5.2103,
                "stroke-width": 1.5,
                "trup": 19.4,
                "x==ew": -10.5384,
                "y==ns": 32.6159
            },
            "type": "Feature"
        },
        {
            "geometry": {
                "coordinates": [
                    [
                        [
                            120.7113,
                            24.1633,
                            2937.5
                        ],
                        [
                            120.7154,
                            24.2352,
                            2937.5
                        ],
                        [
                            120.7636,
                            24.2329,
                            5762.5
                        ],
                        [
                            120.7594,
                            24.1611,
                            5762.5
                        ],
                        [
                            120.7113,
                            24.1633,
                            2937.5
                        ]
                    ]
                ],
                "type": "Polygon"
            },
            "properties": {
                "fill": "#FFF900",
                "fill-opacity": 1,
                "rake": 50.4539,
                "rise": 1.0,
                "sf_moment": 4.17e+18,
                "slip": 4.0157,
                "stroke-width": 1.5,
                "trup": 21.6,
                "x==ew": -10.1167,
                "y==ns": 40.6102
            },
            "type": "Feature"
        },
        {
            "geometry": {
                "coordinates": [
                    [
                        [
                            120.7154,
                            24.2352,
                            2937.5
                        ],
                        [
                            120.7196,
                            24.3071,
                            2937.5
                        ],
                        [
                            120.7678,
                            24.3048,
                            5762.5
                        ],
                        [
                            120.7636,
                            24.233,
                            5762.5
                        ],
                        [
                            120.7154,
                            24.2352,
                            2937.5
                        ]
                    ]
                ],
                "type": "Polygon"
            },
            "properties": {
                "fill": "#00FFF7",
                "fill-opacity": 1,
                "rake": 71.5761,
                "rise": 1.0,
                "sf_moment": 2.14e+18,
                "slip": 2.0665,
                "stroke-width": 1.5,
                "trup": 44.6,
                "x==ew": -9.6853,
                "y==ns": 48.6044
            },
            "type": "Feature"
        },
        {
            "geometry": {
                "coordinates": [
                    [
                        [
                            120.7195,
                            24.3071,
                            2937.5
                        ],
                        [
                            120.7237,
                            24.379,
                            2937.5
                        ],
                        [
                            120.7719,
                            24.3767,
                            5762.5
                        ],
                        [
                            120.7677,
                            24.3049,
                            5762.5
                        ],
                        [
                            120.7195,
                            24.3071,
                            2937.5
                        ]
                    ]
                ],
                "type": "Polygon"
            },
            "properties": {
                "fill": "#FFFFFF",
                "fill-opacity": 1,
                "rake": 84.5796,
                "rise": 5.0,
                "sf_moment": 8e+17,
                "slip": 0.771,
                "stroke-width": 1.5,
                "trup": 70.2,
                "x==ew": -9.2645,
                "y==ns": 56.5987
            },
            "type": "Feature"
        },
        {
            "geometry": {
                "coordinates": [
                    [
                        [
                            120.7236,
                            24.379,
                            2937.5
                        ],
                        [
                            120.7277,
                            24.4509,
                            2937.5
                        ],
                        [
                            120.776,
                            24.4486,
                            5762.5
                        ],
                        [
                            120.7719,
                            24.3768,
                            5762.5
                        ],
                        [
                            120.7236,
                            24.379,
                            2937.5
                        ]
                    ]
                ],
                "type": "Polygon"
            },
            "properties": {
                "fill": "#FFFFFF",
                "fill-opacity": 1,
                "rake": 81.4994,
                "rise": 2.0,
                "sf_moment": 7.45e+16,
                "slip": 0.0718,
                "stroke-width": 1.5,
                "trup": 87.8,
                "x==ew": -8.8441,
                "y==ns": 64.593
            },
            "type": "Feature"
        },
        {
            "geometry": {
                "coordinates": [
                    [
                        [
                            120.7277,
                            24.4509,
                            2937.5
                        ],
                        [
                            120.7318,
                            24.5228,
                            2937.5
                        ],
                        [
                            120.7801,
                            24.5205,
                            5762.5
                        ],
                        [
                            120.776,
                            24.4487,
                            5762.5
                        ],
                        [
                            120.7277,
                            24.4509,
                            2937.5
                        ]
                    ]
                ],
                "type": "Polygon"
            },
            "properties": {
                "fill": "#FFFFFF",
                "fill-opacity": 1,
                "rake": 42.2235,
                "rise": 1.0,
                "sf_moment": 1.29e+17,
                "slip": 0.1243,
                "stroke-width": 1.5,
                "trup": 99.0,
                "x==ew": -8.4293,
                "y==ns": 72.5873
            },
            "type": "Feature"
        },
        {
            "geometry": {
                "coordinates": [
                    [
                        [
                            120.7318,
                            24.5228,
                            2937.5
                        ],
                        [
                            120.7359,
                            24.5947,
                            2937.5
                        ],
                        [
                            120.7843,
                            24.5924,
                            5762.5
                        ],
                        [
                            120.7801,
                            24.5206,
                            5762.5
                        ],
                        [
                            120.7318,
                            24.5228,
                            2937.5
                        ]
                    ]
                ],
                "type": "Polygon"
            },
            "properties": {
                "fill": "#CEFFFF",
                "fill-opacity": 1,
                "rake": 88.1761,
                "rise": 3.0,
                "sf_moment": 1.08e+18,
                "slip": 1.0396,
                "stroke-width": 1.5,
                "trup": 109.0,
                "x==ew": -8.0099,
                "y==ns": 80.5817
            },
            "type": "Feature"
        },
        {
            "geometry": {
                "coordinates": [
                    [
                        [
                            120.736,
                            24.5947,
                            2937.5
                        ],
                        [
                            120.7401,
                            24.6666,
                            2937.5
                        ],
                        [
                            120.7885,
                            24.6643,
                            5762.5
                        ],
                        [
                            120.7843,
                            24.5925,
                            5762.5
                        ],
                        [
                            120.736,
                            24.5947,
                            2937.5
                        ]
                    ]
                ],
                "type": "Polygon"
            },
            "properties": {
                "fill": "#2AFFFF",
                "fill-opacity": 1,
                "rake": 81.7946,
                "rise": 1.0,
                "sf_moment": 1.92e+18,
                "slip": 1.8513,
                "stroke-width": 1.5,
                "trup": 113.8,
                "x==ew": -7.5858,
                "y==ns": 88.576
            },
            "type": "Feature"
        },
        {
            "geometry": {
                "coordinates": [
                    [
                        [
                            120.7401,
                            24.6666,
                            2937.5
                        ],
                        [
                            120.7442,
                            24.7385,
                            2937.5
                        ],
                        [
                            120.7926,
                            24.7362,
                            5762.5
                        ],
                        [
                            120.7884,
                            24.6644,
                            5762.5
                        ],
                        [
                            120.7401,
                            24.6666,
                            2937.5
                        ]
                    ]
                ],
                "type": "Polygon"
            },
            "properties": {
                "fill": "#BFFFFF",
                "fill-opacity": 1,
                "rake": 76.5829,
                "rise": 1.0,
                "sf_moment": 1.15e+18,
                "slip": 1.1081,
                "stroke-width": 1.5,
                "trup": 117.2,
                "x==ew": -7.1673,
                "y==ns": 96.5703
            },
            "type": "Feature"
        },
        {
            "geometry": {
                "coordinates": [
                    [
                        [
                            120.7183,
                            23.442,
                            5762.5
                        ],
                        [
                            120.7224,
                            23.5139,
                            5762.5
                        ],
                        [
                            120.7703,
                            23.5116,
                            8587.5
                        ],
                        [
                            120.7662,
                            23.4398,
                            8587.5
                        ],
                        [
                            120.7183,
                            23.442,
                            5762.5
                        ]
                    ]
                ],
                "type": "Polygon"
            },
            "properties": {
                "fill": "#38FFFF",
                "fill-opacity": 1,
                "rake": 57.191,
                "rise": 1.0,
                "sf_moment": 1.84e+18,
                "slip": 1.7724,
                "stroke-width": 1.5,
                "trup": 47.0,
                "x==ew": -9.4592,
                "y==ns": -39.5917
            },
            "type": "Feature"
        },
        {
            "geometry": {
                "coordinates": [
                    [
                        [
                            120.7225,
                            23.5139,
                            5762.5
                        ],
                        [
                            120.7266,
                            23.5858,
                            5762.5
                        ],
                        [
                            120.7745,
                            23.5835,
                            8587.5
                        ],
                        [
                            120.7704,
                            23.5117,
                            8587.5
                        ],
                        [
                            120.7225,
                            23.5139,
                            5762.5
                        ]
                    ]
                ],
                "type": "Polygon"
            },
            "properties": {
                "fill": "#8FFFFF",
                "fill-opacity": 1,
                "rake": 54.793,
                "rise": 3.0,
                "sf_moment": 1.4e+18,
                "slip": 1.3469,
                "stroke-width": 1.5,
                "trup": 25.8,
                "x==ew": -9.0259,
                "y==ns": -31.5974
            },
            "type": "Feature"
        },
        {
            "geometry": {
                "coordinates": [
                    [
                        [
                            120.7266,
                            23.5858,
                            5762.5
                        ],
                        [
                            120.7307,
                            23.6577,
                            5762.5
                        ],
                        [
                            120.7787,
                            23.6554,
                            8587.5
                        ],
                        [
                            120.7745,
                            23.5836,
                            8587.5
                        ],
                        [
                            120.7266,
                            23.5858,
                            5762.5
                        ]
                    ]
                ],
                "type": "Polygon"
            },
            "properties": {
                "fill": "#81FFFF",
                "fill-opacity": 1,
                "rake": 55.2577,
                "rise": 4.0,
                "sf_moment": 1.48e+18,
                "slip": 1.424,
                "stroke-width": 1.5,
                "trup": 14.2,
                "x==ew": -8.6033,
                "y==ns": -23.6031
            },
            "type": "Feature"
        },
        {
            "geometry": {
                "coordinates": [
                    [
                        [
                            120.7307,
                            23.6577,
                            5762.5
                        ],
                        [
                            120.7348,
                            23.7296,
                            5762.5
                        ],
                        [
                            120.7828,
                            23.7273,
                            8587.5
                        ],
                        [
                            120.7786,
                            23.6555,
                            8587.5
                        ],
                        [
                            120.7307,
                            23.6577,
                            5762.5
                        ]
                    ]
                ],
                "type": "Polygon"
            },
            "properties": {
                "fill": "#00FFEA",
                "fill-opacity": 1,
                "rake": 86.0245,
                "rise": 5.0,
                "sf_moment": 2.2e+18,
                "slip": 2.117,
                "stroke-width": 1.5,
                "trup": 6.4,
                "x==ew": -8.1811,
                "y==ns": -15.6088
            },
            "type": "Feature"
        },
        {
            "geometry": {
                "coordinates": [
                    [
                        [
                            120.7347,
                            23.7296,
                            5762.5
                        ],
                        [
                            120.7389,
                            23.8015,
                            5762.5
                        ],
                        [
                            120.7869,
                            23.7992,
                            8587.5
                        ],
                        [
                            120.7827,
                            23.7274,
                            8587.5
                        ],
                        [
                            120.7347,
                            23.7296,
                            5762.5
                        ]
                    ]
                ],
                "type": "Polygon"
            },
            "properties": {
                "fill": "#00FF1F",
                "fill-opacity": 1,
                "rake": 68.564,
                "rise": 3.0,
                "sf_moment": 2.97e+18,
                "slip": 2.865,
                "stroke-width": 1.5,
                "trup": 11.0,
                "x==ew": -7.7594,
                "y==ns": -7.6144
            },
            "type": "Feature"
        },
        {
            "geometry": {
                "coordinates": [
                    [
                        [
                            120.7388,
                            23.8015,
                            5762.5
                        ],
                        [
                            120.7429,
                            23.8734,
                            5762.5
                        ],
                        [
                            120.791,
                            23.8711,
                            8587.5
                        ],
                        [
                            120.7869,
                            23.7993,
                            8587.5
                        ],
                        [
                            120.7388,
                            23.8015,
                            5762.5
                        ]
                    ]
                ],
                "type": "Polygon"
            },
            "properties": {
                "fill": "#E4FF00",
                "fill-opacity": 1,
                "rake": 62.0767,
                "rise": 5.0,
                "sf_moment": 4e+18,
                "slip": 3.8552,
                "stroke-width": 1.5,
                "trup": 7.4,
                "x==ew": -7.3381,
                "y==ns": 0.3799
            },
            "type": "Feature"
        },
        {
            "geometry": {
                "coordinates": [
                    [
                        [
                            120.743,
                            23.8734,
                            5762.5
                        ],
                        [
                            120.7471,
                            23.9453,
                            5762.5
                        ],
                        [
                            120.7952,
                            23.943,
                            8587.5
                        ],
                        [
                            120.7911,
                            23.8711,
                            8587.5
                        ],
                        [
                            120.743,
                            23.8734,
                            5762.5
                        ]
                    ]
                ],
                "type": "Polygon"
            },
            "properties": {
                "fill": "#FFCB00",
                "fill-opacity": 1,
                "rake": 56.0224,
                "rise": 4.0,
                "sf_moment": 4.77e+18,
                "slip": 4.5961,
                "stroke-width": 1.5,
                "trup": 11.8,
                "x==ew": -6.9071,
                "y==ns": 8.3743
            },
            "type": "Feature"
        },
        {
            "geometry": {
                "coordinates": [
                    [
                        [
                            120.7471,
                            23.9453,
                            5762.5
                        ],
                        [
                            120.7512,
                            24.0172,
                            5762.5
                        ],
                        [
                            120.7993,
                            24.0149,
                            8587.5
                        ],
                        [
                            120.7952,
                            23.943,
                            8587.5
                        ],
                        [
                            120.7471,
                            23.9453,
                            5762.5
                        ]
                    ]
                ],
                "type": "Polygon"
            },
            "properties": {
                "fill": "#FFAD00",
                "fill-opacity": 1,
                "rake": 54.0311,
                "rise": 5.0,
                "sf_moment": 5.18e+18,
                "slip": 4.9898,
                "stroke-width": 1.5,
                "trup": 14.8,
                "x==ew": -6.4918,
                "y==ns": 16.3686
            },
            "type": "Feature"
        },
        {
            "geometry": {
                "coordinates": [
                    [
                        [
                            120.7512,
                            24.0172,
                            5762.5
                        ],
                        [
                            120.7553,
                            24.0891,
                            5762.5
                        ],
                        [
                            120.8034,
                            24.0868,
                            8587.5
                        ],
                        [
                            120.7993,
                            24.0149,
                            8587.5
                        ],
                        [
                            120.7512,
                            24.0172,
                            5762.5
                        ]
                    ]
                ],
                "type": "Polygon"
            },
            "properties": {
                "fill": "#FF8C00",
                "fill-opacity": 1,
                "rake": 48.0198,
                "rise": 2.0,
                "sf_moment": 5.4e+18,
                "slip": 5.2025,
                "stroke-width": 1.5,
                "trup": 17.4,
                "x==ew": -6.077,
                "y==ns": 24.363
            },
            "type": "Feature"
        },
        {
            "geometry": {
                "coordinates": [
                    [
                        [
                            120.7553,
                            24.0891,
                            5762.5
                        ],
                        [
                            120.7594,
                            24.161,
                            5762.5
                        ],
                        [
                            120.8076,
                            24.1587,
                            8587.5
                        ],
                        [
                            120.8034,
                            24.0868,
                            8587.5
                        ],
                        [
                            120.7553,
                            24.0891,
                            5762.5
                        ]
                    ]
                ],
                "type": "Polygon"
            },
            "properties": {
                "fill": "#FF3D00",
                "fill-opacity": 1,
                "rake": 56.0586,
                "rise": 4.0,
                "sf_moment": 5.85e+18,
                "slip": 5.6365,
                "stroke-width": 1.5,
                "trup": 16.2,
                "x==ew": -5.6575,
                "y==ns": 32.3574
            },
            "type": "Feature"
        },
        {
            "geometry": {
                "coordinates": [
                    [
                        [
                            120.7594,
                            24.161,
                            5762.5
                        ],
                        [
                            120.7635,
                            24.2329,
                            5762.5
                        ],
                        [
                            120.8117,
                            24.2306,
                            8587.5
                        ],
                        [
                            120.8075,
                            24.1587,
                            8587.5
                        ],
                        [
                            120.7594,
                            24.161,
                            5762.5
                        ]
                    ]
                ],
                "type": "Polygon"
            },
            "properties": {
                "fill": "#FFBC00",
                "fill-opacity": 1,
                "rake": 67.6702,
                "rise": 2.0,
                "sf_moment": 4.97e+18,
                "slip": 4.7951,
                "stroke-width": 1.5,
                "trup": 14.8,
                "x==ew": -5.2385,
                "y==ns": 40.3518
            },
            "type": "Feature"
        },
        {
            "geometry": {
                "coordinates": [
                    [
                        [
                            120.7634,
                            24.2329,
                            5762.5
                        ],
                        [
                            120.7676,
                            24.3048,
                            5762.5
                        ],
                        [
                            120.8158,
                            24.3025,
                            8587.5
                        ],
                        [
                            120.8116,
                            24.2306,
                            8587.5
                        ],
                        [
                            120.7634,
                            24.2329,
                            5762.5
                        ]
                    ]
                ],
                "type": "Polygon"
            },
            "properties": {
                "fill": "#69FF00",
                "fill-opacity": 1,
                "rake": 86.2177,
                "rise": 4.0,
                "sf_moment": 3.51e+18,
                "slip": 3.3793,
                "stroke-width": 1.5,
                "trup": 46.2,
                "x==ew": -4.82,
                "y==ns": 48.3462
            },
            "type": "Feature"
        },
        {
            "geometry": {
                "coordinates": [
                    [
                        [
                            120.7676,
                            24.3048,
                            5762.5
                        ],
                        [
                            120.7718,
                            24.3767,
                            5762.5
                        ],
                        [
                            120.82,
                            24.3744,
                            8587.5
                        ],
                        [
                            120.8158,
                            24.3025,
                            8587.5
                        ],
                        [
                            120.7676,
                            24.3048,
                            5762.5
                        ]
                    ]
                ],
                "type": "Polygon"
            },
            "properties": {
                "fill": "#81FFFF",
                "fill-opacity": 1,
                "rake": 88.8736,
                "rise": 5.0,
                "sf_moment": 1.47e+18,
                "slip": 1.4178,
                "stroke-width": 1.5,
                "trup": 68.6,
                "x==ew": -4.3917,
                "y==ns": 56.3407
            },
            "type": "Feature"
        },
        {
            "geometry": {
                "coordinates": [
                    [
                        [
                            120.7717,
                            24.3767,
                            5762.5
                        ],
                        [
                            120.7758,
                            24.4486,
                            5762.5
                        ],
                        [
                            120.8241,
                            24.4463,
                            8587.5
                        ],
                        [
                            120.82,
                            24.3744,
                            8587.5
                        ],
                        [
                            120.7717,
                            24.3767,
                            5762.5
                        ]
                    ]
                ],
                "type": "Polygon"
            },
            "properties": {
                "fill": "#FFFFFF",
                "fill-opacity": 1,
                "rake": 53.6932,
                "rise": 4.0,
                "sf_moment": 4.81e+16,
                "slip": 0.0463,
                "stroke-width": 1.5,
                "trup": 86.6,
                "x==ew": -3.9741,
                "y==ns": 64.3351
            },
            "type": "Feature"
        },
        {
            "geometry": {
                "coordinates": [
                    [
                        [
                            120.7758,
                            24.4486,
                            5762.5
                        ],
                        [
                            120.7799,
                            24.5205,
                            5762.5
                        ],
                        [
                            120.8282,
                            24.5182,
                            8587.5
                        ],
                        [
                            120.8241,
                            24.4463,
                            8587.5
                        ],
                        [
                            120.7758,
                            24.4486,
                            5762.5
                        ]
                    ]
                ],
                "type": "Polygon"
            },
            "properties": {
                "fill": "#FFFFFF",
                "fill-opacity": 1,
                "rake": 84.1608,
                "rise": 3.0,
                "sf_moment": 4.12e+17,
                "slip": 0.3968,
                "stroke-width": 1.5,
                "trup": 100.0,
                "x==ew": -3.5621,
                "y==ns": 72.3295
            },
            "type": "Feature"
        },
        {
            "geometry": {
                "coordinates": [
                    [
                        [
                            120.7799,
                            24.5205,
                            5762.5
                        ],
                        [
                            120.784,
                            24.5924,
                            5762.5
                        ],
                        [
                            120.8323,
                            24.5901,
                            8587.5
                        ],
                        [
                            120.8282,
                            24.5182,
                            8587.5
                        ],
                        [
                            120.7799,
                            24.5205,
                            5762.5
                        ]
                    ]
                ],
                "type": "Polygon"
            },
            "properties": {
                "fill": "#99FFFF",
                "fill-opacity": 1,
                "rake": 85.1666,
                "rise": 2.0,
                "sf_moment": 1.36e+18,
                "slip": 1.307,
                "stroke-width": 1.5,
                "trup": 110.4,
                "x==ew": -3.1454,
                "y==ns": 80.324
            },
            "type": "Feature"
        },
        {
            "geometry": {
                "coordinates": [
                    [
                        [
                            120.784,
                            24.5924,
                            5762.5
                        ],
                        [
                            120.7881,
                            24.6643,
                            5762.5
                        ],
                        [
                            120.8365,
                            24.662,
                            8587.5
                        ],
                        [
                            120.8323,
                            24.5901,
                            8587.5
                        ],
                        [
                            120.784,
                            24.5924,
                            5762.5
                        ]
                    ]
                ],
                "type": "Polygon"
            },
            "properties": {
                "fill": "#68FFFF",
                "fill-opacity": 1,
                "rake": 81.0112,
                "rise": 2.0,
                "sf_moment": 1.6e+18,
                "slip": 1.5443,
                "stroke-width": 1.5,
                "trup": 112.0,
                "x==ew": -2.7342,
                "y==ns": 88.3185
            },
            "type": "Feature"
        },
        {
            "geometry": {
                "coordinates": [
                    [
                        [
                            120.7882,
                            24.6643,
                            5762.5
                        ],
                        [
                            120.7923,
                            24.7362,
                            5762.5
                        ],
                        [
                            120.8407,
                            24.7339,
                            8587.5
                        ],
                        [
                            120.8365,
                            24.662,
                            8587.5
                        ],
                        [
                            120.7882,
                            24.6643,
                            5762.5
                        ]
                    ]
                ],
                "type": "Polygon"
            },
            "properties": {
                "fill": "#BFFFFF",
                "fill-opacity": 1,
                "rake": 85.9402,
                "rise": 2.0,
                "sf_moment": 1.15e+18,
                "slip": 1.1056,
                "stroke-width": 1.5,
                "trup": 116.0,
                "x==ew": -2.3084,
                "y==ns": 96.313
            },
            "type": "Feature"
        },
        {
            "geometry": {
                "coordinates": [
                    [
                        [
                            120.7664,
                            23.4397,
                            8587.5
                        ],
                        [
                            120.7705,
                            23.5116,
                            8587.5
                        ],
                        [
                            120.8184,
                            23.5093,
                            11412.5
                        ],
                        [
                            120.8143,
                            23.4374,
                            11412.5
                        ],
                        [
                            120.7664,
                            23.4397,
                            8587.5
                        ]
                    ]
                ],
                "type": "Polygon"
            },
            "properties": {
                "fill": "#77FFFF",
                "fill-opacity": 1,
                "rake": 80.5761,
                "rise": 1.0,
                "sf_moment": 1.82e+18,
                "slip": 1.4595,
                "stroke-width": 1.5,
                "trup": 50.8,
                "x==ew": -4.5538,
                "y==ns": -39.8498
            },
            "type": "Feature"
        },
        {
            "geometry": {
                "coordinates": [
                    [
                        [
                            120.7705,
                            23.5116,
                            8587.5
                        ],
                        [
                            120.7746,
                            23.5835,
                            8587.5
                        ],
                        [
                            120.8225,
                            23.5812,
                            11412.5
                        ],
                        [
                            120.8184,
                            23.5093,
                            11412.5
                        ],
                        [
                            120.7705,
                            23.5116,
                            8587.5
                        ]
                    ]
                ],
                "type": "Polygon"
            },
            "properties": {
                "fill": "#FFFFFF",
                "fill-opacity": 1,
                "rake": 77.4665,
                "rise": 1.0,
                "sf_moment": 6.74e+17,
                "slip": 0.5397,
                "stroke-width": 1.5,
                "trup": 31.4,
                "x==ew": -4.1334,
                "y==ns": -31.8553
            },
            "type": "Feature"
        },
        {
            "geometry": {
                "coordinates": [
                    [
                        [
                            120.7746,
                            23.5835,
                            8587.5
                        ],
                        [
                            120.7787,
                            23.6554,
                            8587.5
                        ],
                        [
                            120.8267,
                            23.6531,
                            11412.5
                        ],
                        [
                            120.8225,
                            23.5812,
                            11412.5
                        ],
                        [
                            120.7746,
                            23.5835,
                            8587.5
                        ]
                    ]
                ],
                "type": "Polygon"
            },
            "properties": {
                "fill": "#FEFFFF",
                "fill-opacity": 1,
                "rake": 87.776,
                "rise": 1.0,
                "sf_moment": 1.01e+18,
                "slip": 0.8059,
                "stroke-width": 1.5,
                "trup": 12.8,
                "x==ew": -3.7134,
                "y==ns": -23.8609
            },
            "type": "Feature"
        },
        {
            "geometry": {
                "coordinates": [
                    [
                        [
                            120.7788,
                            23.6554,
                            8587.5
                        ],
                        [
                            120.7829,
                            23.7273,
                            8587.5
                        ],
                        [
                            120.8309,
                            23.725,
                            11412.5
                        ],
                        [
                            120.8267,
                            23.6531,
                            11412.5
                        ],
                        [
                            120.7788,
                            23.6554,
                            8587.5
                        ]
                    ]
                ],
                "type": "Polygon"
            },
            "properties": {
                "fill": "#00FFD1",
                "fill-opacity": 1,
                "rake": 79.9493,
                "rise": 2.0,
                "sf_moment": 2.76e+18,
                "slip": 2.2069,
                "stroke-width": 1.5,
                "trup": 6.2,
                "x==ew": -3.2837,
                "y==ns": -15.8664
            },
            "type": "Feature"
        },
        {
            "geometry": {
                "coordinates": [
                    [
                        [
                            120.7828,
                            23.7273,
                            8587.5
                        ],
                        [
                            120.787,
                            23.7992,
                            8587.5
                        ],
                        [
                            120.835,
                            23.7969,
                            11412.5
                        ],
                        [
                            120.8308,
                            23.725,
                            11412.5
                        ],
                        [
                            120.7828,
                            23.7273,
                            8587.5
                        ]
                    ]
                ],
                "type": "Polygon"
            },
            "properties": {
                "fill": "#00FF78",
                "fill-opacity": 1,
                "rake": 61.3753,
                "rise": 5.0,
                "sf_moment": 3.17e+18,
                "slip": 2.5368,
                "stroke-width": 1.5,
                "trup": 14.0,
                "x==ew": -2.8647,
                "y==ns": -7.872
            },
            "type": "Feature"
        },
        {
            "geometry": {
                "coordinates": [
                    [
                        [
                            120.7869,
                            23.7992,
                            8587.5
                        ],
                        [
                            120.791,
                            23.8711,
                            8587.5
                        ],
                        [
                            120.8391,
                            23.8688,
                            11412.5
                        ],
                        [
                            120.835,
                            23.7969,
                            11412.5
                        ],
                        [
                            120.7869,
                            23.7992,
                            8587.5
                        ]
                    ]
                ],
                "type": "Polygon"
            },
            "properties": {
                "fill": "#00FF32",
                "fill-opacity": 1,
                "rake": 60.9938,
                "rise": 3.0,
                "sf_moment": 3.5e+18,
                "slip": 2.8035,
                "stroke-width": 1.5,
                "trup": 3.6,
                "x==ew": -2.4461,
                "y==ns": 0.1225
            },
            "type": "Feature"
        },
        {
            "geometry": {
                "coordinates": [
                    [
                        [
                            120.791,
                            23.8711,
                            8587.5
                        ],
                        [
                            120.7951,
                            23.943,
                            8587.5
                        ],
                        [
                            120.8432,
                            23.9407,
                            11412.5
                        ],
                        [
                            120.8391,
                            23.8688,
                            11412.5
                        ],
                        [
                            120.791,
                            23.8711,
                            8587.5
                        ]
                    ]
                ],
                "type": "Polygon"
            },
            "properties": {
                "fill": "#12FF00",
                "fill-opacity": 1,
                "rake": 62.2285,
                "rise": 2.0,
                "sf_moment": 3.82e+18,
                "slip": 3.0568,
                "stroke-width": 1.5,
                "trup": 5.8,
                "x==ew": -2.028,
                "y==ns": 8.117
            },
            "type": "Feature"
        },
        {
            "geometry": {
                "coordinates": [
                    [
                        [
                            120.7951,
                            23.943,
                            8587.5
                        ],
                        [
                            120.7992,
                            24.0149,
                            8587.5
                        ],
                        [
                            120.8473,
                            24.0126,
                            11412.5
                        ],
                        [
                            120.8432,
                            23.9407,
                            11412.5
                        ],
                        [
                            120.7951,
                            23.943,
                            8587.5
                        ]
                    ]
                ],
                "type": "Polygon"
            },
            "properties": {
                "fill": "#0CFF00",
                "fill-opacity": 1,
                "rake": 63.3814,
                "rise": 3.0,
                "sf_moment": 3.79e+18,
                "slip": 3.0324,
                "stroke-width": 1.5,
                "trup": 13.2,
                "x==ew": -1.6154,
                "y==ns": 16.1115
            },
            "type": "Feature"
        },
        {
            "geometry": {
                "coordinates": [
                    [
                        [
                            120.7993,
                            24.0149,
                            8587.5
                        ],
                        [
                            120.8034,
                            24.0868,
                            8587.5
                        ],
                        [
                            120.8515,
                            24.0845,
                            11412.5
                        ],
                        [
                            120.8474,
                            24.0126,
                            11412.5
                        ],
                        [
                            120.7993,
                            24.0149,
                            8587.5
                        ]
                    ]
                ],
                "type": "Polygon"
            },
            "properties": {
                "fill": "#FFFB00",
                "fill-opacity": 1,
                "rake": 50.5341,
                "rise": 1.0,
                "sf_moment": 4.99e+18,
                "slip": 3.9966,
                "stroke-width": 1.5,
                "trup": 17.0,
                "x==ew": -1.1931,
                "y==ns": 24.106
            },
            "type": "Feature"
        },
        {
            "geometry": {
                "coordinates": [
                    [
                        [
                            120.8034,
                            24.0868,
                            8587.5
                        ],
                        [
                            120.8075,
                            24.1587,
                            8587.5
                        ],
                        [
                            120.8557,
                            24.1564,
                            11412.5
                        ],
                        [
                            120.8515,
                            24.0845,
                            11412.5
                        ],
                        [
                            120.8034,
                            24.0868,
                            8587.5
                        ]
                    ]
                ],
                "type": "Polygon"
            },
            "properties": {
                "fill": "#FFDB00",
                "fill-opacity": 1,
                "rake": 59.5199,
                "rise": 1.0,
                "sf_moment": 5.48e+18,
                "slip": 4.3903,
                "stroke-width": 1.5,
                "trup": 13.2,
                "x==ew": -0.7764,
                "y==ns": 32.1006
            },
            "type": "Feature"
        },
        {
            "geometry": {
                "coordinates": [
                    [
                        [
                            120.8075,
                            24.1587,
                            8587.5
                        ],
                        [
                            120.8116,
                            24.2306,
                            8587.5
                        ],
                        [
                            120.8598,
                            24.2283,
                            11412.5
                        ],
                        [
                            120.8556,
                            24.1564,
                            11412.5
                        ],
                        [
                            120.8075,
                            24.1587,
                            8587.5
                        ]
                    ]
                ],
                "type": "Polygon"
            },
            "properties": {
                "fill": "#FFE300",
                "fill-opacity": 1,
                "rake": 49.1461,
                "rise": 2.0,
                "sf_moment": 5.38e+18,
                "slip": 4.3077,
                "stroke-width": 1.5,
                "trup": 22.6,
                "x==ew": -0.3601,
                "y==ns": 40.0951
            },
            "type": "Feature"
        },
        {
            "geometry": {
                "coordinates": [
                    [
                        [
                            120.8115,
                            24.2306,
                            8587.5
                        ],
                        [
                            120.8157,
                            24.3025,
                            8587.5
                        ],
                        [
                            120.8639,
                            24.3002,
                            11412.5
                        ],
                        [
                            120.8597,
                            24.2283,
                            11412.5
                        ],
                        [
                            120.8115,
                            24.2306,
                            8587.5
                        ]
                    ]
                ],
                "type": "Polygon"
            },
            "properties": {
                "fill": "#94FF00",
                "fill-opacity": 1,
                "rake": 66.3827,
                "rise": 4.0,
                "sf_moment": 4.43e+18,
                "slip": 3.5456,
                "stroke-width": 1.5,
                "trup": 53.2,
                "x==ew": 0.0557,
                "y==ns": 48.0897
            },
            "type": "Feature"
        },
        {
            "geometry": {
                "coordinates": [
                    [
                        [
                            120.8156,
                            24.3025,
                            8587.5
                        ],
                        [
                            120.8198,
                            24.3744,
                            8587.5
                        ],
                        [
                            120.868,
                            24.3721,
                            11412.5
                        ],
                        [
                            120.8638,
                            24.3002,
                            11412.5
                        ],
                        [
                            120.8156,
                            24.3025,
                            8587.5
                        ]
                    ]
                ],
                "type": "Polygon"
            },
            "properties": {
                "fill": "#25FFFF",
                "fill-opacity": 1,
                "rake": 83.2526,
                "rise": 3.0,
                "sf_moment": 2.34e+18,
                "slip": 1.8729,
                "stroke-width": 1.5,
                "trup": 69.8,
                "x==ew": 0.471,
                "y==ns": 56.0842
            },
            "type": "Feature"
        },
        {
            "geometry": {
                "coordinates": [
                    [
                        [
                            120.8198,
                            24.3744,
                            8587.5
                        ],
                        [
                            120.8239,
                            24.4463,
                            8587.5
                        ],
                        [
                            120.8722,
                            24.444,
                            11412.5
                        ],
                        [
                            120.8681,
                            24.3721,
                            11412.5
                        ],
                        [
                            120.8198,
                            24.3744,
                            8587.5
                        ]
                    ]
                ],
                "type": "Polygon"
            },
            "properties": {
                "fill": "#FFFFFF",
                "fill-opacity": 1,
                "rake": 72.3718,
                "rise": 5.0,
                "sf_moment": 1.77e+17,
                "slip": 0.1415,
                "stroke-width": 1.5,
                "trup": 83.8,
                "x==ew": 0.896,
                "y==ns": 64.0788
            },
            "type": "Feature"
        },
        {
            "geometry": {
                "coordinates": [
                    [
                        [
                            120.8239,
                            24.4463,
                            8587.5
                        ],
                        [
                            120.828,
                            24.5182,
                            8587.5
                        ],
                        [
                            120.8763,
                            24.5159,
                            11412.5
                        ],
                        [
                            120.8722,
                            24.444,
                            11412.5
                        ],
                        [
                            120.8239,
                            24.4463,
                            8587.5
                        ]
                    ]
                ],
                "type": "Polygon"
            },
            "properties": {
                "fill": "#FFFFFF",
                "fill-opacity": 1,
                "rake": 84.0474,
                "rise": 2.0,
                "sf_moment": 8170000000000000.0,
                "slip": 0.0065,
                "stroke-width": 1.5,
                "trup": 93.2,
                "x==ew": 1.3054,
                "y==ns": 72.0734
            },
            "type": "Feature"
        },
        {
            "geometry": {
                "coordinates": [
                    [
                        [
                            120.828,
                            24.5182,
                            8587.5
                        ],
                        [
                            120.8321,
                            24.5901,
                            8587.5
                        ],
                        [
                            120.8804,
                            24.5878,
                            11412.5
                        ],
                        [
                            120.8763,
                            24.5159,
                            11412.5
                        ],
                        [
                            120.828,
                            24.5182,
                            8587.5
                        ]
                    ]
                ],
                "type": "Polygon"
            },
            "properties": {
                "fill": "#FEFFFF",
                "fill-opacity": 1,
                "rake": 85.3055,
                "rise": 4.0,
                "sf_moment": 1.01e+18,
                "slip": 0.8093,
                "stroke-width": 1.5,
                "trup": 102.6,
                "x==ew": 1.7193,
                "y==ns": 80.068
            },
            "type": "Feature"
        },
        {
            "geometry": {
                "coordinates": [
                    [
                        [
                            120.8321,
                            24.5901,
                            8587.5
                        ],
                        [
                            120.8362,
                            24.662,
                            8587.5
                        ],
                        [
                            120.8846,
                            24.6597,
                            11412.5
                        ],
                        [
                            120.8804,
                            24.5878,
                            11412.5
                        ],
                        [
                            120.8321,
                            24.5901,
                            8587.5
                        ]
                    ]
                ],
                "type": "Polygon"
            },
            "properties": {
                "fill": "#FFFFFF",
                "fill-opacity": 1,
                "rake": 64.4292,
                "rise": 5.0,
                "sf_moment": 9.21e+17,
                "slip": 0.7371,
                "stroke-width": 1.5,
                "trup": 107.0,
                "x==ew": 2.1277,
                "y==ns": 88.0626
            },
            "type": "Feature"
        },
        {
            "geometry": {
                "coordinates": [
                    [
                        [
                            120.8362,
                            24.6619,
                            8587.5
                        ],
                        [
                            120.8403,
                            24.7338,
                            8587.5
                        ],
                        [
                            120.8887,
                            24.7315,
                            11412.5
                        ],
                        [
                            120.8845,
                            24.6596,
                            11412.5
                        ],
                        [
                            120.8362,
                            24.6619,
                            8587.5
                        ]
                    ]
                ],
                "type": "Polygon"
            },
            "properties": {
                "fill": "#FFFFFF",
                "fill-opacity": 1,
                "rake": 88.7282,
                "rise": 2.0,
                "sf_moment": 8.98e+17,
                "slip": 0.7192,
                "stroke-width": 1.5,
                "trup": 109.8,
                "x==ew": 2.5407,
                "y==ns": 96.0462
            },
            "type": "Feature"
        },
        {
            "geometry": {
                "coordinates": [
                    [
                        [
                            120.8145,
                            23.4374,
                            11412.5
                        ],
                        [
                            120.8186,
                            23.5093,
                            11412.5
                        ],
                        [
                            120.8665,
                            23.507,
                            14237.5
                        ],
                        [
                            120.8624,
                            23.4351,
                            14237.5
                        ],
                        [
                            120.8145,
                            23.4374,
                            11412.5
                        ]
                    ]
                ],
                "type": "Polygon"
            },
            "properties": {
                "fill": "#A7FFFF",
                "fill-opacity": 1,
                "rake": 89.74,
                "rise": 5.0,
                "sf_moment": 1.52e+18,
                "slip": 1.2199,
                "stroke-width": 1.5,
                "trup": 45.4,
                "x==ew": 0.3518,
                "y==ns": -40.1062
            },
            "type": "Feature"
        },
        {
            "geometry": {
                "coordinates": [
                    [
                        [
                            120.8186,
                            23.5093,
                            11412.5
                        ],
                        [
                            120.8227,
                            23.5812,
                            11412.5
                        ],
                        [
                            120.8706,
                            23.5789,
                            14237.5
                        ],
                        [
                            120.8665,
                            23.507,
                            14237.5
                        ],
                        [
                            120.8186,
                            23.5093,
                            11412.5
                        ]
                    ]
                ],
                "type": "Polygon"
            },
            "properties": {
                "fill": "#FFFFFF",
                "fill-opacity": 1,
                "rake": 81.0542,
                "rise": 2.0,
                "sf_moment": 6.91e+17,
                "slip": 0.5534,
                "stroke-width": 1.5,
                "trup": 26.0,
                "x==ew": 0.7695,
                "y==ns": -32.1117
            },
            "type": "Feature"
        },
        {
            "geometry": {
                "coordinates": [
                    [
                        [
                            120.8227,
                            23.5812,
                            11412.5
                        ],
                        [
                            120.8268,
                            23.6531,
                            11412.5
                        ],
                        [
                            120.8748,
                            23.6508,
                            14237.5
                        ],
                        [
                            120.8706,
                            23.5789,
                            14237.5
                        ],
                        [
                            120.8227,
                            23.5812,
                            11412.5
                        ]
                    ]
                ],
                "type": "Polygon"
            },
            "properties": {
                "fill": "#FFFFFF",
                "fill-opacity": 1,
                "rake": 44.7665,
                "rise": 1.0,
                "sf_moment": 7.41e+17,
                "slip": 0.593,
                "stroke-width": 1.5,
                "trup": 14.6,
                "x==ew": 1.1868,
                "y==ns": -24.1171
            },
            "type": "Feature"
        },
        {
            "geometry": {
                "coordinates": [
                    [
                        [
                            120.8268,
                            23.6531,
                            11412.5
                        ],
                        [
                            120.8309,
                            23.725,
                            11412.5
                        ],
                        [
                            120.8789,
                            23.7227,
                            14237.5
                        ],
                        [
                            120.8747,
                            23.6508,
                            14237.5
                        ],
                        [
                            120.8268,
                            23.6531,
                            11412.5
                        ]
                    ]
                ],
                "type": "Polygon"
            },
            "properties": {
                "fill": "#B1FFFF",
                "fill-opacity": 1,
                "rake": 89.3345,
                "rise": 5.0,
                "sf_moment": 1.46e+18,
                "slip": 1.1721,
                "stroke-width": 1.5,
                "trup": 9.8,
                "x==ew": 1.6036,
                "y==ns": -16.1225
            },
            "type": "Feature"
        },
        {
            "geometry": {
                "coordinates": [
                    [
                        [
                            120.8309,
                            23.725,
                            11412.5
                        ],
                        [
                            120.8351,
                            23.7969,
                            11412.5
                        ],
                        [
                            120.8831,
                            23.7946,
                            14237.5
                        ],
                        [
                            120.8789,
                            23.7227,
                            14237.5
                        ],
                        [
                            120.8309,
                            23.725,
                            11412.5
                        ]
                    ]
                ],
                "type": "Polygon"
            },
            "properties": {
                "fill": "#2FFFFF",
                "fill-opacity": 1,
                "rake": 60.2136,
                "rise": 5.0,
                "sf_moment": 2.26e+18,
                "slip": 1.8066,
                "stroke-width": 1.5,
                "trup": 11.8,
                "x==ew": 2.0302,
                "y==ns": -8.1278
            },
            "type": "Feature"
        },
        {
            "geometry": {
                "coordinates": [
                    [
                        [
                            120.835,
                            23.7969,
                            11412.5
                        ],
                        [
                            120.8391,
                            23.8688,
                            11412.5
                        ],
                        [
                            120.8872,
                            23.8665,
                            14237.5
                        ],
                        [
                            120.8831,
                            23.7946,
                            14237.5
                        ],
                        [
                            120.835,
                            23.7969,
                            11412.5
                        ]
                    ]
                ],
                "type": "Polygon"
            },
            "properties": {
                "fill": "#1BFFFF",
                "fill-opacity": 1,
                "rake": 64.8339,
                "rise": 1.0,
                "sf_moment": 2.38e+18,
                "slip": 1.9074,
                "stroke-width": 1.5,
                "trup": 1.4,
                "x==ew": 2.446,
                "y==ns": -0.1332
            },
            "type": "Feature"
        },
        {
            "geometry": {
                "coordinates": [
                    [
                        [
                            120.8391,
                            23.8688,
                            11412.5
                        ],
                        [
                            120.8432,
                            23.9407,
                            11412.5
                        ],
                        [
                            120.8913,
                            23.9384,
                            14237.5
                        ],
                        [
                            120.8872,
                            23.8665,
                            14237.5
                        ],
                        [
                            120.8391,
                            23.8688,
                            11412.5
                        ]
                    ]
                ],
                "type": "Polygon"
            },
            "properties": {
                "fill": "#33FFFF",
                "fill-opacity": 1,
                "rake": 59.0074,
                "rise": 4.0,
                "sf_moment": 2.25e+18,
                "slip": 1.8,
                "stroke-width": 1.5,
                "trup": 10.2,
                "x==ew": 2.8615,
                "y==ns": 7.8614
            },
            "type": "Feature"
        },
        {
            "geometry": {
                "coordinates": [
                    [
                        [
                            120.8432,
                            23.9407,
                            11412.5
                        ],
                        [
                            120.8473,
                            24.0126,
                            11412.5
                        ],
                        [
                            120.8954,
                            24.0103,
                            14237.5
                        ],
                        [
                            120.8913,
                            23.9384,
                            14237.5
                        ],
                        [
                            120.8432,
                            23.9407,
                            11412.5
                        ]
                    ]
                ],
                "type": "Polygon"
            },
            "properties": {
                "fill": "#50FFFF",
                "fill-opacity": 1,
                "rake": 54.29,
                "rise": 4.0,
                "sf_moment": 2.05e+18,
                "slip": 1.6411,
                "stroke-width": 1.5,
                "trup": 17.4,
                "x==ew": 3.2713,
                "y==ns": 15.8561
            },
            "type": "Feature"
        },
        {
            "geometry": {
                "coordinates": [
                    [
                        [
                            120.8473,
                            24.0126,
                            11412.5
                        ],
                        [
                            120.8514,
                            24.0845,
                            11412.5
                        ],
                        [
                            120.8995,
                            24.0822,
                            14237.5
                        ],
                        [
                            120.8954,
                            24.0103,
                            14237.5
                        ],
                        [
                            120.8473,
                            24.0126,
                            11412.5
                        ]
                    ]
                ],
                "type": "Polygon"
            },
            "properties": {
                "fill": "#00FFF7",
                "fill-opacity": 1,
                "rake": 52.7271,
                "rise": 2.0,
                "sf_moment": 2.58e+18,
                "slip": 2.0663,
                "stroke-width": 1.5,
                "trup": 18.2,
                "x==ew": 3.6807,
                "y==ns": 23.8507
            },
            "type": "Feature"
        },
        {
            "geometry": {
                "coordinates": [
                    [
                        [
                            120.8515,
                            24.0845,
                            11412.5
                        ],
                        [
                            120.8556,
                            24.1564,
                            11412.5
                        ],
                        [
                            120.9038,
                            24.1541,
                            14237.5
                        ],
                        [
                            120.8996,
                            24.0822,
                            14237.5
                        ],
                        [
                            120.8515,
                            24.0845,
                            11412.5
                        ]
                    ]
                ],
                "type": "Polygon"
            },
            "properties": {
                "fill": "#00FF58",
                "fill-opacity": 1,
                "rake": 62.5571,
                "rise": 3.0,
                "sf_moment": 3.33e+18,
                "slip": 2.6677,
                "stroke-width": 1.5,
                "trup": 13.0,
                "x==ew": 4.1049,
                "y==ns": 31.8454
            },
            "type": "Feature"
        },
        {
            "geometry": {
                "coordinates": [
                    [
                        [
                            120.8556,
                            24.1564,
                            11412.5
                        ],
                        [
                            120.8597,
                            24.2283,
                            11412.5
                        ],
                        [
                            120.9079,
                            24.226,
                            14237.5
                        ],
                        [
                            120.9037,
                            24.1541,
                            14237.5
                        ],
                        [
                            120.8556,
                            24.1564,
                            11412.5
                        ]
                    ]
                ],
                "type": "Polygon"
            },
            "properties": {
                "fill": "#FFE700",
                "fill-opacity": 1,
                "rake": 40.0232,
                "rise": 4.0,
                "sf_moment": 5.31e+18,
                "slip": 4.2485,
                "stroke-width": 1.5,
                "trup": 22.0,
                "x==ew": 4.5184,
                "y==ns": 39.8401
            },
            "type": "Feature"
        },
        {
            "geometry": {
                "coordinates": [
                    [
                        [
                            120.8596,
                            24.2283,
                            11412.5
                        ],
                        [
                            120.8638,
                            24.3002,
                            11412.5
                        ],
                        [
                            120.912,
                            24.2979,
                            14237.5
                        ],
                        [
                            120.9078,
                            24.226,
                            14237.5
                        ],
                        [
                            120.8596,
                            24.2283,
                            11412.5
                        ]
                    ]
                ],
                "type": "Polygon"
            },
            "properties": {
                "fill": "#FFE700",
                "fill-opacity": 1,
                "rake": 54.7684,
                "rise": 5.0,
                "sf_moment": 5.31e+18,
                "slip": 4.2554,
                "stroke-width": 1.5,
                "trup": 47.0,
                "x==ew": 4.9315,
                "y==ns": 47.8348
            },
            "type": "Feature"
        },
        {
            "geometry": {
                "coordinates": [
                    [
                        [
                            120.8637,
                            24.3002,
                            11412.5
                        ],
                        [
                            120.8679,
                            24.3721,
                            11412.5
                        ],
                        [
                            120.9161,
                            24.3698,
                            14237.5
                        ],
                        [
                            120.9119,
                            24.2979,
                            14237.5
                        ],
                        [
                            120.8637,
                            24.3002,
                            11412.5
                        ]
                    ]
                ],
                "type": "Polygon"
            },
            "properties": {
                "fill": "#00FF91",
                "fill-opacity": 1,
                "rake": 83.6486,
                "rise": 1.0,
                "sf_moment": 3.06e+18,
                "slip": 2.4527,
                "stroke-width": 1.5,
                "trup": 56.4,
                "x==ew": 5.3441,
                "y==ns": 55.8295
            },
            "type": "Feature"
        },
        {
            "geometry": {
                "coordinates": [
                    [
                        [
                            120.8678,
                            24.3721,
                            11412.5
                        ],
                        [
                            120.8719,
                            24.444,
                            11412.5
                        ],
                        [
                            120.9202,
                            24.4417,
                            14237.5
                        ],
                        [
                            120.9161,
                            24.3698,
                            14237.5
                        ],
                        [
                            120.8678,
                            24.3721,
                            11412.5
                        ]
                    ]
                ],
                "type": "Polygon"
            },
            "properties": {
                "fill": "#FFFFFF",
                "fill-opacity": 1,
                "rake": 75.6897,
                "rise": 2.0,
                "sf_moment": 2.08e+17,
                "slip": 0.1667,
                "stroke-width": 1.5,
                "trup": 74.0,
                "x==ew": 5.7562,
                "y==ns": 63.8242
            },
            "type": "Feature"
        },
        {
            "geometry": {
                "coordinates": [
                    [
                        [
                            120.8719,
                            24.444,
                            11412.5
                        ],
                        [
                            120.876,
                            24.5159,
                            11412.5
                        ],
                        [
                            120.9243,
                            24.5136,
                            14237.5
                        ],
                        [
                            120.9202,
                            24.4417,
                            14237.5
                        ],
                        [
                            120.8719,
                            24.444,
                            11412.5
                        ]
                    ]
                ],
                "type": "Polygon"
            },
            "properties": {
                "fill": "#FFFFFF",
                "fill-opacity": 1,
                "rake": 53.2066,
                "rise": 2.0,
                "sf_moment": 1.26e+17,
                "slip": 0.1009,
                "stroke-width": 1.5,
                "trup": 84.4,
                "x==ew": 6.1628,
                "y==ns": 71.819
            },
            "type": "Feature"
        },
        {
            "geometry": {
                "coordinates": [
                    [
                        [
                            120.8761,
                            24.5159,
                            11412.5
                        ],
                        [
                            120.8802,
                            24.5878,
                            11412.5
                        ],
                        [
                            120.9285,
                            24.5855,
                            14237.5
                        ],
                        [
                            120.9244,
                            24.5136,
                            14237.5
                        ],
                        [
                            120.8761,
                            24.5159,
                            11412.5
                        ]
                    ]
                ],
                "type": "Polygon"
            },
            "properties": {
                "fill": "#FFFFFF",
                "fill-opacity": 1,
                "rake": 71.1777,
                "rise": 3.0,
                "sf_moment": 4.45e+17,
                "slip": 0.356,
                "stroke-width": 1.5,
                "trup": 89.2,
                "x==ew": 6.5841,
                "y==ns": 79.8137
            },
            "type": "Feature"
        },
        {
            "geometry": {
                "coordinates": [
                    [
                        [
                            120.8802,
                            24.5877,
                            11412.5
                        ],
                        [
                            120.8843,
                            24.6596,
                            11412.5
                        ],
                        [
                            120.9327,
                            24.6573,
                            14237.5
                        ],
                        [
                            120.9285,
                            24.5854,
                            14237.5
                        ],
                        [
                            120.8802,
                            24.5877,
                            11412.5
                        ]
                    ]
                ],
                "type": "Polygon"
            },
            "properties": {
                "fill": "#FFFFFF",
                "fill-opacity": 1,
                "rake": 85.18,
                "rise": 5.0,
                "sf_moment": 2.17e+17,
                "slip": 0.1737,
                "stroke-width": 1.5,
                "trup": 91.4,
                "x==ew": 6.9898,
                "y==ns": 87.7973
            },
            "type": "Feature"
        },
        {
            "geometry": {
                "coordinates": [
                    [
                        [
                            120.8843,
                            24.6596,
                            11412.5
                        ],
                        [
                            120.8884,
                            24.7315,
                            11412.5
                        ],
                        [
                            120.9368,
                            24.7292,
                            14237.5
                        ],
                        [
                            120.9326,
                            24.6573,
                            14237.5
                        ],
                        [
                            120.8843,
                            24.6596,
                            11412.5
                        ]
                    ]
                ],
                "type": "Polygon"
            },
            "properties": {
                "fill": "#FFFFFF",
                "fill-opacity": 1,
                "rake": 77.0551,
                "rise": 4.0,
                "sf_moment": 1.79e+17,
                "slip": 0.1436,
                "stroke-width": 1.5,
                "trup": 93.0,
                "x==ew": 7.4,
                "y==ns": 95.7921
            },
            "type": "Feature"
        },
        {
            "geometry": {
                "coordinates": [
                    [
                        [
                            120.8626,
                            23.4351,
                            14237.5
                        ],
                        [
                            120.8667,
                            23.507,
                            14237.5
                        ],
                        [
                            120.9146,
                            23.5047,
                            17062.5
                        ],
                        [
                            120.9105,
                            23.4328,
                            17062.5
                        ],
                        [
                            120.8626,
                            23.4351,
                            14237.5
                        ]
                    ]
                ],
                "type": "Polygon"
            },
            "properties": {
                "fill": "#FFFFFF",
                "fill-opacity": 1,
                "rake": 62.6745,
                "rise": 3.0,
                "sf_moment": 8160000000000000.0,
                "slip": 0.0058,
                "stroke-width": 1.5,
                "trup": 37.4,
                "x==ew": 5.2576,
                "y==ns": -40.361
            },
            "type": "Feature"
        },
        {
            "geometry": {
                "coordinates": [
                    [
                        [
                            120.8667,
                            23.507,
                            14237.5
                        ],
                        [
                            120.8708,
                            23.5789,
                            14237.5
                        ],
                        [
                            120.9187,
                            23.5766,
                            17062.5
                        ],
                        [
                            120.9146,
                            23.5047,
                            17062.5
                        ],
                        [
                            120.8667,
                            23.507,
                            14237.5
                        ]
                    ]
                ],
                "type": "Polygon"
            },
            "properties": {
                "fill": "#FFFFFF",
                "fill-opacity": 1,
                "rake": 59.5739,
                "rise": 2.0,
                "sf_moment": 4.65e+17,
                "slip": 0.3284,
                "stroke-width": 1.5,
                "trup": 23.6,
                "x==ew": 5.6726,
                "y==ns": -32.3663
            },
            "type": "Feature"
        },
        {
            "geometry": {
                "coordinates": [
                    [
                        [
                            120.8708,
                            23.5789,
                            14237.5
                        ],
                        [
                            120.8749,
                            23.6508,
                            14237.5
                        ],
                        [
                            120.9229,
                            23.6485,
                            17062.5
                        ],
                        [
                            120.9187,
                            23.5766,
                            17062.5
                        ],
                        [
                            120.8708,
                            23.5789,
                            14237.5
                        ]
                    ]
                ],
                "type": "Polygon"
            },
            "properties": {
                "fill": "#FFFFFF",
                "fill-opacity": 1,
                "rake": 43.8812,
                "rise": 4.0,
                "sf_moment": 1.06e+18,
                "slip": 0.7505,
                "stroke-width": 1.5,
                "trup": 16.8,
                "x==ew": 6.0872,
                "y==ns": -24.3716
            },
            "type": "Feature"
        },
        {
            "geometry": {
                "coordinates": [
                    [
                        [
                            120.8749,
                            23.6508,
                            14237.5
                        ],
                        [
                            120.879,
                            23.7227,
                            14237.5
                        ],
                        [
                            120.927,
                            23.7204,
                            17062.5
                        ],
                        [
                            120.9228,
                            23.6485,
                            17062.5
                        ],
                        [
                            120.8749,
                            23.6508,
                            14237.5
                        ]
                    ]
                ],
                "type": "Polygon"
            },
            "properties": {
                "fill": "#FFFFFF",
                "fill-opacity": 1,
                "rake": 63.7175,
                "rise": 1.0,
                "sf_moment": 1.06e+18,
                "slip": 0.7491,
                "stroke-width": 1.5,
                "trup": 9.6,
                "x==ew": 6.5013,
                "y==ns": -16.3768
            },
            "type": "Feature"
        },
        {
            "geometry": {
                "coordinates": [
                    [
                        [
                            120.8789,
                            23.7227,
                            14237.5
                        ],
                        [
                            120.8831,
                            23.7946,
                            14237.5
                        ],
                        [
                            120.9311,
                            23.7923,
                            17062.5
                        ],
                        [
                            120.9269,
                            23.7204,
                            17062.5
                        ],
                        [
                            120.8789,
                            23.7227,
                            14237.5
                        ]
                    ]
                ],
                "type": "Polygon"
            },
            "properties": {
                "fill": "#6DFFFF",
                "fill-opacity": 1,
                "rake": 40.9512,
                "rise": 5.0,
                "sf_moment": 2.15e+18,
                "slip": 1.5182,
                "stroke-width": 1.5,
                "trup": 13.4,
                "x==ew": 6.915,
                "y==ns": -8.3821
            },
            "type": "Feature"
        },
        {
            "geometry": {
                "coordinates": [
                    [
                        [
                            120.883,
                            23.7946,
                            14237.5
                        ],
                        [
                            120.8871,
                            23.8665,
                            14237.5
                        ],
                        [
                            120.9352,
                            23.8642,
                            17062.5
                        ],
                        [
                            120.9311,
                            23.7923,
                            17062.5
                        ],
                        [
                            120.883,
                            23.7946,
                            14237.5
                        ]
                    ]
                ],
                "type": "Polygon"
            },
            "properties": {
                "fill": "#25FFFF",
                "fill-opacity": 1,
                "rake": 47.0442,
                "rise": 2.0,
                "sf_moment": 2.64e+18,
                "slip": 1.8657,
                "stroke-width": 1.5,
                "trup": 4.0,
                "x==ew": 7.3282,
                "y==ns": -0.3873
            },
            "type": "Feature"
        },
        {
            "geometry": {
                "coordinates": [
                    [
                        [
                            120.8872,
                            23.8665,
                            14237.5
                        ],
                        [
                            120.8913,
                            23.9384,
                            14237.5
                        ],
                        [
                            120.9394,
                            23.9361,
                            17062.5
                        ],
                        [
                            120.9353,
                            23.8642,
                            17062.5
                        ],
                        [
                            120.8872,
                            23.8665,
                            14237.5
                        ]
                    ]
                ],
                "type": "Polygon"
            },
            "properties": {
                "fill": "#C4FFFF",
                "fill-opacity": 1,
                "rake": 51.2375,
                "rise": 4.0,
                "sf_moment": 1.55e+18,
                "slip": 1.0976,
                "stroke-width": 1.5,
                "trup": 11.8,
                "x==ew": 7.7511,
                "y==ns": 7.6075
            },
            "type": "Feature"
        },
        {
            "geometry": {
                "coordinates": [
                    [
                        [
                            120.8913,
                            23.9384,
                            14237.5
                        ],
                        [
                            120.8954,
                            24.0103,
                            14237.5
                        ],
                        [
                            120.9435,
                            24.0079,
                            17062.5
                        ],
                        [
                            120.9394,
                            23.9361,
                            17062.5
                        ],
                        [
                            120.8913,
                            23.9384,
                            14237.5
                        ]
                    ]
                ],
                "type": "Polygon"
            },
            "properties": {
                "fill": "#EBFFFF",
                "fill-opacity": 1,
                "rake": 40.5197,
                "rise": 4.0,
                "sf_moment": 1.27e+18,
                "slip": 0.8965,
                "stroke-width": 1.5,
                "trup": 24.4,
                "x==ew": 8.1582,
                "y==ns": 15.6023
            },
            "type": "Feature"
        },
        {
            "geometry": {
                "coordinates": [
                    [
                        [
                            120.8954,
                            24.0103,
                            14237.5
                        ],
                        [
                            120.8995,
                            24.0822,
                            14237.5
                        ],
                        [
                            120.9476,
                            24.0798,
                            17062.5
                        ],
                        [
                            120.9435,
                            24.008,
                            17062.5
                        ],
                        [
                            120.8954,
                            24.0103,
                            14237.5
                        ]
                    ]
                ],
                "type": "Polygon"
            },
            "properties": {
                "fill": "#EBFFFF",
                "fill-opacity": 1,
                "rake": 43.0631,
                "rise": 1.0,
                "sf_moment": 1.27e+18,
                "slip": 0.8997,
                "stroke-width": 1.5,
                "trup": 24.6,
                "x==ew": 8.5649,
                "y==ns": 23.5971
            },
            "type": "Feature"
        },
        {
            "geometry": {
                "coordinates": [
                    [
                        [
                            120.8995,
                            24.0822,
                            14237.5
                        ],
                        [
                            120.9036,
                            24.1541,
                            14237.5
                        ],
                        [
                            120.9518,
                            24.1517,
                            17062.5
                        ],
                        [
                            120.9476,
                            24.0799,
                            17062.5
                        ],
                        [
                            120.8995,
                            24.0822,
                            14237.5
                        ]
                    ]
                ],
                "type": "Polygon"
            },
            "properties": {
                "fill": "#55FFFF",
                "fill-opacity": 1,
                "rake": 41.0624,
                "rise": 3.0,
                "sf_moment": 2.31e+18,
                "slip": 1.6325,
                "stroke-width": 1.5,
                "trup": 18.2,
                "x==ew": 8.9762,
                "y==ns": 31.5919
            },
            "type": "Feature"
        },
        {
            "geometry": {
                "coordinates": [
                    [
                        [
                            120.9036,
                            24.1541,
                            14237.5
                        ],
                        [
                            120.9077,
                            24.226,
                            14237.5
                        ],
                        [
                            120.9559,
                            24.2236,
                            17062.5
                        ],
                        [
                            120.9517,
                            24.1518,
                            17062.5
                        ],
                        [
                            120.9036,
                            24.1541,
                            14237.5
                        ]
                    ]
                ],
                "type": "Polygon"
            },
            "properties": {
                "fill": "#F7FF00",
                "fill-opacity": 1,
                "rake": 41.4424,
                "rise": 5.0,
                "sf_moment": 5.56e+18,
                "slip": 3.9283,
                "stroke-width": 1.5,
                "trup": 19.6,
                "x==ew": 9.387,
                "y==ns": 39.5867
            },
            "type": "Feature"
        },
        {
            "geometry": {
                "coordinates": [
                    [
                        [
                            120.9077,
                            24.226,
                            14237.5
                        ],
                        [
                            120.9119,
                            24.2979,
                            14237.5
                        ],
                        [
                            120.9601,
                            24.2955,
                            17062.5
                        ],
                        [
                            120.9559,
                            24.2237,
                            17062.5
                        ],
                        [
                            120.9077,
                            24.226,
                            14237.5
                        ]
                    ]
                ],
                "type": "Polygon"
            },
            "properties": {
                "fill": "#FFB200",
                "fill-opacity": 1,
                "rake": 44.3193,
                "rise": 1.0,
                "sf_moment": 6.94e+18,
                "slip": 4.9011,
                "stroke-width": 1.5,
                "trup": 18.0,
                "x==ew": 9.8075,
                "y==ns": 47.5816
            },
            "type": "Feature"
        },
        {
            "geometry": {
                "coordinates": [
                    [
                        [
                            120.9118,
                            24.2979,
                            14237.5
                        ],
                        [
                            120.916,
                            24.3698,
                            14237.5
                        ],
                        [
                            120.9642,
                            24.3674,
                            17062.5
                        ],
                        [
                            120.96,
                            24.2956,
                            17062.5
                        ],
                        [
                            120.9118,
                            24.2979,
                            14237.5
                        ]
                    ]
                ],
                "type": "Polygon"
            },
            "properties": {
                "fill": "#00FF5E",
                "fill-opacity": 1,
                "rake": 61.2042,
                "rise": 4.0,
                "sf_moment": 3.74e+18,
                "slip": 2.6416,
                "stroke-width": 1.5,
                "trup": 49.2,
                "x==ew": 10.2174,
                "y==ns": 55.5764
            },
            "type": "Feature"
        },
        {
            "geometry": {
                "coordinates": [
                    [
                        [
                            120.9159,
                            24.3698,
                            14237.5
                        ],
                        [
                            120.92,
                            24.4417,
                            14237.5
                        ],
                        [
                            120.9683,
                            24.4393,
                            17062.5
                        ],
                        [
                            120.9642,
                            24.3675,
                            17062.5
                        ],
                        [
                            120.9159,
                            24.3698,
                            14237.5
                        ]
                    ]
                ],
                "type": "Polygon"
            },
            "properties": {
                "fill": "#FFFFFF",
                "fill-opacity": 1,
                "rake": 50.242,
                "rise": 3.0,
                "sf_moment": 7.22e+17,
                "slip": 0.5102,
                "stroke-width": 1.5,
                "trup": 64.8,
                "x==ew": 10.6268,
                "y==ns": 63.5713
            },
            "type": "Feature"
        },
        {
            "geometry": {
                "coordinates": [
                    [
                        [
                            120.92,
                            24.4416,
                            14237.5
                        ],
                        [
                            120.9241,
                            24.5135,
                            14237.5
                        ],
                        [
                            120.9724,
                            24.5111,
                            17062.5
                        ],
                        [
                            120.9683,
                            24.4393,
                            17062.5
                        ],
                        [
                            120.92,
                            24.4416,
                            14237.5
                        ]
                    ]
                ],
                "type": "Polygon"
            },
            "properties": {
                "fill": "#FFFFFF",
                "fill-opacity": 1,
                "rake": 79.4571,
                "rise": 3.0,
                "sf_moment": 1.86e+17,
                "slip": 0.1318,
                "stroke-width": 1.5,
                "trup": 70.8,
                "x==ew": 11.0306,
                "y==ns": 71.555
            },
            "type": "Feature"
        },
        {
            "geometry": {
                "coordinates": [
                    [
                        [
                            120.9241,
                            24.5135,
                            14237.5
                        ],
                        [
                            120.9282,
                            24.5854,
                            14237.5
                        ],
                        [
                            120.9765,
                            24.583,
                            17062.5
                        ],
                        [
                            120.9724,
                            24.5112,
                            17062.5
                        ],
                        [
                            120.9241,
                            24.5135,
                            14237.5
                        ]
                    ]
                ],
                "type": "Polygon"
            },
            "properties": {
                "fill": "#FFFFFF",
                "fill-opacity": 1,
                "rake": 77.088,
                "rise": 1.0,
                "sf_moment": 3.94e+17,
                "slip": 0.2784,
                "stroke-width": 1.5,
                "trup": 71.8,
                "x==ew": 11.439,
                "y==ns": 79.5499
            },
            "type": "Feature"
        },
        {
            "geometry": {
                "coordinates": [
                    [
                        [
                            120.9283,
                            24.5854,
                            14237.5
                        ],
                        [
                            120.9324,
                            24.6573,
                            14237.5
                        ],
                        [
                            120.9808,
                            24.6549,
                            17062.5
                        ],
                        [
                            120.9766,
                            24.5831,
                            17062.5
                        ],
                        [
                            120.9283,
                            24.5854,
                            14237.5
                        ]
                    ]
                ],
                "type": "Polygon"
            },
            "properties": {
                "fill": "#FFFFFF",
                "fill-opacity": 1,
                "rake": 68.3452,
                "rise": 1.0,
                "sf_moment": 8.74e+17,
                "slip": 0.6178,
                "stroke-width": 1.5,
                "trup": 72.4,
                "x==ew": 11.852,
                "y==ns": 87.5448
            },
            "type": "Feature"
        },
        {
            "geometry": {
                "coordinates": [
                    [
                        [
                            120.9324,
                            24.6573,
                            14237.5
                        ],
                        [
                            120.9365,
                            24.7292,
                            14237.5
                        ],
                        [
                            120.9849,
                            24.7268,
                            17062.5
                        ],
                        [
                            120.9807,
                            24.655,
                            17062.5
                        ],
                        [
                            120.9324,
                            24.6573,
                            14237.5
                        ]
                    ]
                ],
                "type": "Polygon"
            },
            "properties": {
                "fill": "#FFFFFF",
                "fill-opacity": 1,
                "rake": 88.6702,
                "rise": 2.0,
                "sf_moment": 4.51e+17,
                "slip": 0.3188,
                "stroke-width": 1.5,
                "trup": 70.6,
                "x==ew": 12.2595,
                "y==ns": 95.5398
            },
            "type": "Feature"
        },
        {
            "geometry": {
                "coordinates": [
                    [
                        [
                            120.9106,
                            23.4328,
                            17062.5
                        ],
                        [
                            120.9147,
                            23.5047,
                            17062.5
                        ],
                        [
                            120.9626,
                            23.5023,
                            19887.5
                        ],
                        [
                            120.9585,
                            23.4305,
                            19887.5
                        ],
                        [
                            120.9106,
                            23.4328,
                            17062.5
                        ]
                    ]
                ],
                "type": "Polygon"
            },
            "properties": {
                "fill": "#FFFFFF",
                "fill-opacity": 1,
                "rake": 64.7808,
                "rise": 2.0,
                "sf_moment": 2.74e+17,
                "slip": 0.1686,
                "stroke-width": 1.5,
                "trup": 29.2,
                "x==ew": 10.1584,
                "y==ns": -40.6142
            },
            "type": "Feature"
        },
        {
            "geometry": {
                "coordinates": [
                    [
                        [
                            120.9148,
                            23.5047,
                            17062.5
                        ],
                        [
                            120.9189,
                            23.5766,
                            17062.5
                        ],
                        [
                            120.9668,
                            23.5742,
                            19887.5
                        ],
                        [
                            120.9627,
                            23.5024,
                            19887.5
                        ],
                        [
                            120.9148,
                            23.5047,
                            17062.5
                        ]
                    ]
                ],
                "type": "Polygon"
            },
            "properties": {
                "fill": "#FFFFFF",
                "fill-opacity": 1,
                "rake": 49.6853,
                "rise": 1.0,
                "sf_moment": 5.65e+17,
                "slip": 0.3474,
                "stroke-width": 1.5,
                "trup": 22.4,
                "x==ew": 10.5759,
                "y==ns": -32.6193
            },
            "type": "Feature"
        },
        {
            "geometry": {
                "coordinates": [
                    [
                        [
                            120.9189,
                            23.5766,
                            17062.5
                        ],
                        [
                            120.923,
                            23.6485,
                            17062.5
                        ],
                        [
                            120.971,
                            23.6461,
                            19887.5
                        ],
                        [
                            120.9668,
                            23.5743,
                            19887.5
                        ],
                        [
                            120.9189,
                            23.5766,
                            17062.5
                        ]
                    ]
                ],
                "type": "Polygon"
            },
            "properties": {
                "fill": "#FFFFFF",
                "fill-opacity": 1,
                "rake": 43.0423,
                "rise": 2.0,
                "sf_moment": 5.93e+17,
                "slip": 0.3649,
                "stroke-width": 1.5,
                "trup": 21.2,
                "x==ew": 10.9878,
                "y==ns": -24.6244
            },
            "type": "Feature"
        },
        {
            "geometry": {
                "coordinates": [
                    [
                        [
                            120.923,
                            23.6485,
                            17062.5
                        ],
                        [
                            120.9271,
                            23.7204,
                            17062.5
                        ],
                        [
                            120.9751,
                            23.718,
                            19887.5
                        ],
                        [
                            120.9709,
                            23.6462,
                            19887.5
                        ],
                        [
                            120.923,
                            23.6485,
                            17062.5
                        ]
                    ]
                ],
                "type": "Polygon"
            },
            "properties": {
                "fill": "#FFFFFF",
                "fill-opacity": 1,
                "rake": 45.5902,
                "rise": 4.0,
                "sf_moment": 3.91e+17,
                "slip": 0.2406,
                "stroke-width": 1.5,
                "trup": 21.2,
                "x==ew": 11.3992,
                "y==ns": -16.6295
            },
            "type": "Feature"
        },
        {
            "geometry": {
                "coordinates": [
                    [
                        [
                            120.927,
                            23.7204,
                            17062.5
                        ],
                        [
                            120.9312,
                            23.7923,
                            17062.5
                        ],
                        [
                            120.9792,
                            23.7899,
                            19887.5
                        ],
                        [
                            120.975,
                            23.7181,
                            19887.5
                        ],
                        [
                            120.927,
                            23.7204,
                            17062.5
                        ]
                    ]
                ],
                "type": "Polygon"
            },
            "properties": {
                "fill": "#EFFFFF",
                "fill-opacity": 1,
                "rake": 42.9704,
                "rise": 4.0,
                "sf_moment": 1.42e+18,
                "slip": 0.8702,
                "stroke-width": 1.5,
                "trup": 21.6,
                "x==ew": 11.8102,
                "y==ns": -8.6346
            },
            "type": "Feature"
        },
        {
            "geometry": {
                "coordinates": [
                    [
                        [
                            120.9311,
                            23.7923,
                            17062.5
                        ],
                        [
                            120.9352,
                            23.8642,
                            17062.5
                        ],
                        [
                            120.9833,
                            23.8618,
                            19887.5
                        ],
                        [
                            120.9792,
                            23.79,
                            19887.5
                        ],
                        [
                            120.9311,
                            23.7923,
                            17062.5
                        ]
                    ]
                ],
                "type": "Polygon"
            },
            "properties": {
                "fill": "#DCFFFF",
                "fill-opacity": 1,
                "rake": 41.5778,
                "rise": 5.0,
                "sf_moment": 1.6e+18,
                "slip": 0.9838,
                "stroke-width": 1.5,
                "trup": 19.4,
                "x==ew": 12.2207,
                "y==ns": -0.6397
            },
            "type": "Feature"
        },
        {
            "geometry": {
                "coordinates": [
                    [
                        [
                            120.9352,
                            23.8642,
                            17062.5
                        ],
                        [
                            120.9393,
                            23.9361,
                            17062.5
                        ],
                        [
                            120.9874,
                            23.9337,
                            19887.5
                        ],
                        [
                            120.9833,
                            23.8619,
                            19887.5
                        ],
                        [
                            120.9352,
                            23.8642,
                            17062.5
                        ]
                    ]
                ],
                "type": "Polygon"
            },
            "properties": {
                "fill": "#FFFFFF",
                "fill-opacity": 1,
                "rake": 43.1127,
                "rise": 2.0,
                "sf_moment": 8.77e+17,
                "slip": 0.5395,
                "stroke-width": 1.5,
                "trup": 23.6,
                "x==ew": 12.6307,
                "y==ns": 7.3552
            },
            "type": "Feature"
        },
        {
            "geometry": {
                "coordinates": [
                    [
                        [
                            120.9394,
                            23.9361,
                            17062.5
                        ],
                        [
                            120.9435,
                            24.008,
                            17062.5
                        ],
                        [
                            120.9916,
                            24.0056,
                            19887.5
                        ],
                        [
                            120.9875,
                            23.9338,
                            19887.5
                        ],
                        [
                            120.9394,
                            23.9361,
                            17062.5
                        ]
                    ]
                ],
                "type": "Polygon"
            },
            "properties": {
                "fill": "#FFFFFF",
                "fill-opacity": 1,
                "rake": 67.1701,
                "rise": 3.0,
                "sf_moment": 1.82e+17,
                "slip": 0.1118,
                "stroke-width": 1.5,
                "trup": 32.4,
                "x==ew": 13.0453,
                "y==ns": 15.3501
            },
            "type": "Feature"
        },
        {
            "geometry": {
                "coordinates": [
                    [
                        [
                            120.9435,
                            24.008,
                            17062.5
                        ],
                        [
                            120.9476,
                            24.0799,
                            17062.5
                        ],
                        [
                            120.9957,
                            24.0775,
                            19887.5
                        ],
                        [
                            120.9916,
                            24.0057,
                            19887.5
                        ],
                        [
                            120.9435,
                            24.008,
                            17062.5
                        ]
                    ]
                ],
                "type": "Polygon"
            },
            "properties": {
                "fill": "#FFFFFF",
                "fill-opacity": 1,
                "rake": 61.4657,
                "rise": 4.0,
                "sf_moment": 3.49e+16,
                "slip": 0.0214,
                "stroke-width": 1.5,
                "trup": 35.4,
                "x==ew": 13.4493,
                "y==ns": 23.3451
            },
            "type": "Feature"
        },
        {
            "geometry": {
                "coordinates": [
                    [
                        [
                            120.9476,
                            24.0799,
                            17062.5
                        ],
                        [
                            120.9517,
                            24.1518,
                            17062.5
                        ],
                        [
                            120.9999,
                            24.1494,
                            19887.5
                        ],
                        [
                            120.9957,
                            24.0776,
                            19887.5
                        ],
                        [
                            120.9476,
                            24.0799,
                            17062.5
                        ]
                    ]
                ],
                "type": "Polygon"
            },
            "properties": {
                "fill": "#FFFFFF",
                "fill-opacity": 1,
                "rake": 40.359,
                "rise": 5.0,
                "sf_moment": 1.09e+18,
                "slip": 0.6681,
                "stroke-width": 1.5,
                "trup": 28.6,
                "x==ew": 13.8578,
                "y==ns": 31.34
            },
            "type": "Feature"
        },
        {
            "geometry": {
                "coordinates": [
                    [
                        [
                            120.9517,
                            24.1518,
                            17062.5
                        ],
                        [
                            120.9558,
                            24.2237,
                            17062.5
                        ],
                        [
                            121.004,
                            24.2213,
                            19887.5
                        ],
                        [
                            120.9998,
                            24.1495,
                            19887.5
                        ],
                        [
                            120.9517,
                            24.1518,
                            17062.5
                        ]
                    ]
                ],
                "type": "Polygon"
            },
            "properties": {
                "fill": "#7BFF00",
                "fill-opacity": 1,
                "rake": 43.5443,
                "rise": 1.0,
                "sf_moment": 5.63e+18,
                "slip": 3.4615,
                "stroke-width": 1.5,
                "trup": 21.4,
                "x==ew": 14.2659,
                "y==ns": 39.335
            },
            "type": "Feature"
        },
        {
            "geometry": {
                "coordinates": [
                    [
                        [
                            120.9557,
                            24.2237,
                            17062.5
                        ],
                        [
                            120.9599,
                            24.2956,
                            17062.5
                        ],
                        [
                            121.0081,
                            24.2932,
                            19887.5
                        ],
                        [
                            121.0039,
                            24.2214,
                            19887.5
                        ],
                        [
                            120.9557,
                            24.2237,
                            17062.5
                        ]
                    ]
                ],
                "type": "Polygon"
            },
            "properties": {
                "fill": "#6FFF00",
                "fill-opacity": 1,
                "rake": 50.5466,
                "rise": 5.0,
                "sf_moment": 5.54e+18,
                "slip": 3.4081,
                "stroke-width": 1.5,
                "trup": 43.2,
                "x==ew": 14.6735,
                "y==ns": 47.33
            },
            "type": "Feature"
        },
        {
            "geometry": {
                "coordinates": [
                    [
                        [
                            120.9599,
                            24.2956,
                            17062.5
                        ],
                        [
                            120.9641,
                            24.3675,
                            17062.5
                        ],
                        [
                            121.0123,
                            24.3651,
                            19887.5
                        ],
                        [
                            121.0081,
                            24.2933,
                            19887.5
                        ],
                        [
                            120.9599,
                            24.2956,
                            17062.5
                        ]
                    ]
                ],
                "type": "Polygon"
            },
            "properties": {
                "fill": "#3DFFFF",
                "fill-opacity": 1,
                "rake": 64.8558,
                "rise": 5.0,
                "sf_moment": 2.84e+18,
                "slip": 1.7478,
                "stroke-width": 1.5,
                "trup": 53.0,
                "x==ew": 15.0908,
                "y==ns": 55.325
            },
            "type": "Feature"
        },
        {
            "geometry": {
                "coordinates": [
                    [
                        [
                            120.964,
                            24.3675,
                            17062.5
                        ],
                        [
                            120.9681,
                            24.4394,
                            17062.5
                        ],
                        [
                            121.0164,
                            24.437,
                            19887.5
                        ],
                        [
                            121.0123,
                            24.3652,
                            19887.5
                        ],
                        [
                            120.964,
                            24.3675,
                            17062.5
                        ]
                    ]
                ],
                "type": "Polygon"
            },
            "properties": {
                "fill": "#FFFFFF",
                "fill-opacity": 1,
                "rake": 68.0633,
                "rise": 1.0,
                "sf_moment": 4.94e+17,
                "slip": 0.3035,
                "stroke-width": 1.5,
                "trup": 57.0,
                "x==ew": 15.4975,
                "y==ns": 63.32
            },
            "type": "Feature"
        },
        {
            "geometry": {
                "coordinates": [
                    [
                        [
                            120.9681,
                            24.4393,
                            17062.5
                        ],
                        [
                            120.9722,
                            24.5112,
                            17062.5
                        ],
                        [
                            121.0205,
                            24.5088,
                            19887.5
                        ],
                        [
                            121.0164,
                            24.437,
                            19887.5
                        ],
                        [
                            120.9681,
                            24.4393,
                            17062.5
                        ]
                    ]
                ],
                "type": "Polygon"
            },
            "properties": {
                "fill": "#FFFFFF",
                "fill-opacity": 1,
                "rake": 70.9903,
                "rise": 2.0,
                "sf_moment": 9.32e+17,
                "slip": 0.5729,
                "stroke-width": 1.5,
                "trup": 60.2,
                "x==ew": 15.8986,
                "y==ns": 71.3039
            },
            "type": "Feature"
        },
        {
            "geometry": {
                "coordinates": [
                    [
                        [
                            120.9722,
                            24.5112,
                            17062.5
                        ],
                        [
                            120.9763,
                            24.5831,
                            17062.5
                        ],
                        [
                            121.0246,
                            24.5807,
                            19887.5
                        ],
                        [
                            121.0205,
                            24.5089,
                            19887.5
                        ],
                        [
                            120.9722,
                            24.5112,
                            17062.5
                        ]
                    ]
                ],
                "type": "Polygon"
            },
            "properties": {
                "fill": "#85FFFF",
                "fill-opacity": 1,
                "rake": 58.4643,
                "rise": 1.0,
                "sf_moment": 2.29e+18,
                "slip": 1.4061,
                "stroke-width": 1.5,
                "trup": 59.4,
                "x==ew": 16.3042,
                "y==ns": 79.2989
            },
            "type": "Feature"
        },
        {
            "geometry": {
                "coordinates": [
                    [
                        [
                            120.9763,
                            24.5831,
                            17062.5
                        ],
                        [
                            120.9804,
                            24.655,
                            17062.5
                        ],
                        [
                            121.0288,
                            24.6526,
                            19887.5
                        ],
                        [
                            121.0246,
                            24.5808,
                            19887.5
                        ],
                        [
                            120.9763,
                            24.5831,
                            17062.5
                        ]
                    ]
                ],
                "type": "Polygon"
            },
            "properties": {
                "fill": "#3DFFFF",
                "fill-opacity": 1,
                "rake": 54.0813,
                "rise": 2.0,
                "sf_moment": 2.85e+18,
                "slip": 1.7527,
                "stroke-width": 1.5,
                "trup": 54.0,
                "x==ew": 16.7044,
                "y==ns": 87.294
            },
            "type": "Feature"
        },
        {
            "geometry": {
                "coordinates": [
                    [
                        [
                            120.9805,
                            24.655,
                            17062.5
                        ],
                        [
                            120.9846,
                            24.7269,
                            17062.5
                        ],
                        [
                            121.033,
                            24.7245,
                            19887.5
                        ],
                        [
                            121.0288,
                            24.6527,
                            19887.5
                        ],
                        [
                            120.9805,
                            24.655,
                            17062.5
                        ]
                    ]
                ],
                "type": "Polygon"
            },
            "properties": {
                "fill": "#A2FFFF",
                "fill-opacity": 1,
                "rake": 83.5085,
                "rise": 1.0,
                "sf_moment": 2.04e+18,
                "slip": 1.2536,
                "stroke-width": 1.5,
                "trup": 48.4,
                "x==ew": 17.1192,
                "y==ns": 95.2891
            },
            "type": "Feature"
        },
        {
            "geometry": {
                "coordinates": [
                    [
                        [
                            120.9587,
                            23.4305,
                            19887.5
                        ],
                        [
                            120.9628,
                            23.5024,
                            19887.5
                        ],
                        [
                            121.0107,
                            23.5,
                            22712.5
                        ],
                        [
                            121.0066,
                            23.4282,
                            22712.5
                        ],
                        [
                            120.9587,
                            23.4305,
                            19887.5
                        ]
                    ]
                ],
                "type": "Polygon"
            },
            "properties": {
                "fill": "#FFFFFF",
                "fill-opacity": 1,
                "rake": 63.0859,
                "rise": 5.0,
                "sf_moment": 4.45e+16,
                "slip": 0.0274,
                "stroke-width": 1.5,
                "trup": 28.0,
                "x==ew": 15.0645,
                "y==ns": -40.8656
            },
            "type": "Feature"
        },
        {
            "geometry": {
                "coordinates": [
                    [
                        [
                            120.9628,
                            23.5024,
                            19887.5
                        ],
                        [
                            120.9669,
                            23.5743,
                            19887.5
                        ],
                        [
                            121.0148,
                            23.5719,
                            22712.5
                        ],
                        [
                            121.0107,
                            23.5001,
                            22712.5
                        ],
                        [
                            120.9628,
                            23.5024,
                            19887.5
                        ]
                    ]
                ],
                "type": "Polygon"
            },
            "properties": {
                "fill": "#FFFFFF",
                "fill-opacity": 1,
                "rake": 61.5874,
                "rise": 5.0,
                "sf_moment": 2.85e+17,
                "slip": 0.175,
                "stroke-width": 1.5,
                "trup": 24.0,
                "x==ew": 15.4691,
                "y==ns": -32.8706
            },
            "type": "Feature"
        },
        {
            "geometry": {
                "coordinates": [
                    [
                        [
                            120.9669,
                            23.5743,
                            19887.5
                        ],
                        [
                            120.971,
                            23.6462,
                            19887.5
                        ],
                        [
                            121.019,
                            23.6438,
                            22712.5
                        ],
                        [
                            121.0148,
                            23.572,
                            22712.5
                        ],
                        [
                            120.9669,
                            23.5743,
                            19887.5
                        ]
                    ]
                ],
                "type": "Polygon"
            },
            "properties": {
                "fill": "#FFFFFF",
                "fill-opacity": 1,
                "rake": 43.5679,
                "rise": 3.0,
                "sf_moment": 6.53e+17,
                "slip": 0.4015,
                "stroke-width": 1.5,
                "trup": 21.0,
                "x==ew": 15.8784,
                "y==ns": -24.8756
            },
            "type": "Feature"
        },
        {
            "geometry": {
                "coordinates": [
                    [
                        [
                            120.9711,
                            23.6462,
                            19887.5
                        ],
                        [
                            120.9752,
                            23.7181,
                            19887.5
                        ],
                        [
                            121.0232,
                            23.7157,
                            22712.5
                        ],
                        [
                            121.019,
                            23.6439,
                            22712.5
                        ],
                        [
                            120.9711,
                            23.6462,
                            19887.5
                        ]
                    ]
                ],
                "type": "Polygon"
            },
            "properties": {
                "fill": "#FFFFFF",
                "fill-opacity": 1,
                "rake": 40.8552,
                "rise": 1.0,
                "sf_moment": 5.06e+17,
                "slip": 0.3113,
                "stroke-width": 1.5,
                "trup": 22.2,
                "x==ew": 16.2973,
                "y==ns": -16.8806
            },
            "type": "Feature"
        },
        {
            "geometry": {
                "coordinates": [
                    [
                        [
                            120.9751,
                            23.7181,
                            19887.5
                        ],
                        [
                            120.9793,
                            23.79,
                            19887.5
                        ],
                        [
                            121.0273,
                            23.7876,
                            22712.5
                        ],
                        [
                            121.0231,
                            23.7158,
                            22712.5
                        ],
                        [
                            120.9751,
                            23.7181,
                            19887.5
                        ]
                    ]
                ],
                "type": "Polygon"
            },
            "properties": {
                "fill": "#FFFFFF",
                "fill-opacity": 1,
                "rake": 51.4471,
                "rise": 5.0,
                "sf_moment": 9.9e+17,
                "slip": 0.6085,
                "stroke-width": 1.5,
                "trup": 20.8,
                "x==ew": 16.7055,
                "y==ns": -8.8855
            },
            "type": "Feature"
        },
        {
            "geometry": {
                "coordinates": [
                    [
                        [
                            120.9792,
                            23.79,
                            19887.5
                        ],
                        [
                            120.9833,
                            23.8619,
                            19887.5
                        ],
                        [
                            121.0314,
                            23.8595,
                            22712.5
                        ],
                        [
                            121.0273,
                            23.7877,
                            22712.5
                        ],
                        [
                            120.9792,
                            23.79,
                            19887.5
                        ]
                    ]
                ],
                "type": "Polygon"
            },
            "properties": {
                "fill": "#A7FFFF",
                "fill-opacity": 1,
                "rake": 44.4365,
                "rise": 4.0,
                "sf_moment": 1.99e+18,
                "slip": 1.2227,
                "stroke-width": 1.5,
                "trup": 24.2,
                "x==ew": 17.1133,
                "y==ns": -0.8905
            },
            "type": "Feature"
        },
        {
            "geometry": {
                "coordinates": [
                    [
                        [
                            120.9833,
                            23.8619,
                            19887.5
                        ],
                        [
                            120.9874,
                            23.9338,
                            19887.5
                        ],
                        [
                            121.0355,
                            23.9314,
                            22712.5
                        ],
                        [
                            121.0314,
                            23.8596,
                            22712.5
                        ],
                        [
                            120.9833,
                            23.8619,
                            19887.5
                        ]
                    ]
                ],
                "type": "Polygon"
            },
            "properties": {
                "fill": "#FEFFFF",
                "fill-opacity": 1,
                "rake": 40.7324,
                "rise": 1.0,
                "sf_moment": 1.32e+18,
                "slip": 0.8121,
                "stroke-width": 1.5,
                "trup": 27.6,
                "x==ew": 17.5206,
                "y==ns": 7.1046
            },
            "type": "Feature"
        },
        {
            "geometry": {
                "coordinates": [
                    [
                        [
                            120.9874,
                            23.9338,
                            19887.5
                        ],
                        [
                            120.9915,
                            24.0057,
                            19887.5
                        ],
                        [
                            121.0396,
                            24.0033,
                            22712.5
                        ],
                        [
                            121.0355,
                            23.9315,
                            22712.5
                        ],
                        [
                            120.9874,
                            23.9338,
                            19887.5
                        ]
                    ]
                ],
                "type": "Polygon"
            },
            "properties": {
                "fill": "#FFFFFF",
                "fill-opacity": 1,
                "rake": 40.2067,
                "rise": 4.0,
                "sf_moment": 6.87e+17,
                "slip": 0.4222,
                "stroke-width": 1.5,
                "trup": 41.4,
                "x==ew": 17.9275,
                "y==ns": 15.0997
            },
            "type": "Feature"
        },
        {
            "geometry": {
                "coordinates": [
                    [
                        [
                            120.9916,
                            24.0057,
                            19887.5
                        ],
                        [
                            120.9957,
                            24.0776,
                            19887.5
                        ],
                        [
                            121.0438,
                            24.0752,
                            22712.5
                        ],
                        [
                            121.0397,
                            24.0034,
                            22712.5
                        ],
                        [
                            120.9916,
                            24.0057,
                            19887.5
                        ]
                    ]
                ],
                "type": "Polygon"
            },
            "properties": {
                "fill": "#FFFFFF",
                "fill-opacity": 1,
                "rake": 42.1722,
                "rise": 5.0,
                "sf_moment": 5.41e+17,
                "slip": 0.3325,
                "stroke-width": 1.5,
                "trup": 42.8,
                "x==ew": 18.3338,
                "y==ns": 23.0948
            },
            "type": "Feature"
        },
        {
            "geometry": {
                "coordinates": [
                    [
                        [
                            120.9957,
                            24.0776,
                            19887.5
                        ],
                        [
                            120.9998,
                            24.1495,
                            19887.5
                        ],
                        [
                            121.048,
                            24.1471,
                            22712.5
                        ],
                        [
                            121.0438,
                            24.0753,
                            22712.5
                        ],
                        [
                            120.9957,
                            24.0776,
                            19887.5
                        ]
                    ]
                ],
                "type": "Polygon"
            },
            "properties": {
                "fill": "#FFFFFF",
                "fill-opacity": 1,
                "rake": 70.1308,
                "rise": 1.0,
                "sf_moment": 1.2e+18,
                "slip": 0.7403,
                "stroke-width": 1.5,
                "trup": 35.4,
                "x==ew": 18.7396,
                "y==ns": 31.0899
            },
            "type": "Feature"
        },
        {
            "geometry": {
                "coordinates": [
                    [
                        [
                            120.9998,
                            24.1495,
                            19887.5
                        ],
                        [
                            121.0039,
                            24.2214,
                            19887.5
                        ],
                        [
                            121.0521,
                            24.219,
                            22712.5
                        ],
                        [
                            121.0479,
                            24.1472,
                            22712.5
                        ],
                        [
                            120.9998,
                            24.1495,
                            19887.5
                        ]
                    ]
                ],
                "type": "Polygon"
            },
            "properties": {
                "fill": "#9AFF00",
                "fill-opacity": 1,
                "rake": 40.3388,
                "rise": 3.0,
                "sf_moment": 5.8e+18,
                "slip": 3.5652,
                "stroke-width": 1.5,
                "trup": 22.6,
                "x==ew": 19.145,
                "y==ns": 39.085
            },
            "type": "Feature"
        },
        {
            "geometry": {
                "coordinates": [
                    [
                        [
                            121.0038,
                            24.2214,
                            19887.5
                        ],
                        [
                            121.008,
                            24.2933,
                            19887.5
                        ],
                        [
                            121.0562,
                            24.2909,
                            22712.5
                        ],
                        [
                            121.052,
                            24.2191,
                            22712.5
                        ],
                        [
                            121.0038,
                            24.2214,
                            19887.5
                        ]
                    ]
                ],
                "type": "Polygon"
            },
            "properties": {
                "fill": "#12FF00",
                "fill-opacity": 1,
                "rake": 59.4825,
                "rise": 1.0,
                "sf_moment": 4.96e+18,
                "slip": 3.0529,
                "stroke-width": 1.5,
                "trup": 34.0,
                "x==ew": 19.5499,
                "y==ns": 47.0801
            },
            "type": "Feature"
        },
        {
            "geometry": {
                "coordinates": [
                    [
                        [
                            121.0079,
                            24.2933,
                            19887.5
                        ],
                        [
                            121.0121,
                            24.3652,
                            19887.5
                        ],
                        [
                            121.0603,
                            24.3628,
                            22712.5
                        ],
                        [
                            121.0561,
                            24.291,
                            22712.5
                        ],
                        [
                            121.0079,
                            24.2933,
                            19887.5
                        ]
                    ]
                ],
                "type": "Polygon"
            },
            "properties": {
                "fill": "#9DFFFF",
                "fill-opacity": 1,
                "rake": 86.0591,
                "rise": 1.0,
                "sf_moment": 2.09e+18,
                "slip": 1.2856,
                "stroke-width": 1.5,
                "trup": 45.8,
                "x==ew": 19.9543,
                "y==ns": 55.0752
            },
            "type": "Feature"
        },
        {
            "geometry": {
                "coordinates": [
                    [
                        [
                            121.012,
                            24.3651,
                            19887.5
                        ],
                        [
                            121.0161,
                            24.437,
                            19887.5
                        ],
                        [
                            121.0644,
                            24.4346,
                            22712.5
                        ],
                        [
                            121.0602,
                            24.3628,
                            22712.5
                        ],
                        [
                            121.012,
                            24.3651,
                            19887.5
                        ]
                    ]
                ],
                "type": "Polygon"
            },
            "properties": {
                "fill": "#FFFFFF",
                "fill-opacity": 1,
                "rake": 59.0055,
                "rise": 5.0,
                "sf_moment": 4.96e+17,
                "slip": 0.3047,
                "stroke-width": 1.5,
                "trup": 54.6,
                "x==ew": 20.3582,
                "y==ns": 63.0593
            },
            "type": "Feature"
        },
        {
            "geometry": {
                "coordinates": [
                    [
                        [
                            121.0162,
                            24.437,
                            19887.5
                        ],
                        [
                            121.0203,
                            24.5089,
                            19887.5
                        ],
                        [
                            121.0686,
                            24.5065,
                            22712.5
                        ],
                        [
                            121.0645,
                            24.4347,
                            22712.5
                        ],
                        [
                            121.0162,
                            24.437,
                            19887.5
                        ]
                    ]
                ],
                "type": "Polygon"
            },
            "properties": {
                "fill": "#FFFFFF",
                "fill-opacity": 1,
                "rake": 54.9223,
                "rise": 2.0,
                "sf_moment": 1.21e+18,
                "slip": 0.7444,
                "stroke-width": 1.5,
                "trup": 56.8,
                "x==ew": 20.7667,
                "y==ns": 71.0544
            },
            "type": "Feature"
        },
        {
            "geometry": {
                "coordinates": [
                    [
                        [
                            121.0203,
                            24.5089,
                            19887.5
                        ],
                        [
                            121.0244,
                            24.5808,
                            19887.5
                        ],
                        [
                            121.0727,
                            24.5784,
                            22712.5
                        ],
                        [
                            121.0686,
                            24.5066,
                            22712.5
                        ],
                        [
                            121.0203,
                            24.5089,
                            19887.5
                        ]
                    ]
                ],
                "type": "Polygon"
            },
            "properties": {
                "fill": "#08FFFF",
                "fill-opacity": 1,
                "rake": 50.337,
                "rise": 3.0,
                "sf_moment": 3.27e+18,
                "slip": 2.0101,
                "stroke-width": 1.5,
                "trup": 57.4,
                "x==ew": 21.1696,
                "y==ns": 79.0496
            },
            "type": "Feature"
        },
        {
            "geometry": {
                "coordinates": [
                    [
                        [
                            121.0244,
                            24.5808,
                            19887.5
                        ],
                        [
                            121.0285,
                            24.6527,
                            19887.5
                        ],
                        [
                            121.0769,
                            24.6503,
                            22712.5
                        ],
                        [
                            121.0727,
                            24.5785,
                            22712.5
                        ],
                        [
                            121.0244,
                            24.5808,
                            19887.5
                        ]
                    ]
                ],
                "type": "Polygon"
            },
            "properties": {
                "fill": "#00FF4B",
                "fill-opacity": 1,
                "rake": 40.2802,
                "rise": 2.0,
                "sf_moment": 4.4e+18,
                "slip": 2.708,
                "stroke-width": 1.5,
                "trup": 51.4,
                "x==ew": 21.567,
                "y==ns": 87.0448
            },
            "type": "Feature"
        },
        {
            "geometry": {
                "coordinates": [
                    [
                        [
                            121.0285,
                            24.6527,
                            19887.5
                        ],
                        [
                            121.0326,
                            24.7246,
                            19887.5
                        ],
                        [
                            121.081,
                            24.7222,
                            22712.5
                        ],
                        [
                            121.0768,
                            24.6504,
                            22712.5
                        ],
                        [
                            121.0285,
                            24.6527,
                            19887.5
                        ]
                    ]
                ],
                "type": "Polygon"
            },
            "properties": {
                "fill": "#68FFFF",
                "fill-opacity": 1,
                "rake": 40.292,
                "rise": 4.0,
                "sf_moment": 2.49e+18,
                "slip": 1.5316,
                "stroke-width": 1.5,
                "trup": 51.0,
                "x==ew": 21.9689,
                "y==ns": 95.04
            },
            "type": "Feature"
        },
        {
            "geometry": {
                "coordinates": [
                    [
                        [
                            121.0068,
                            23.4282,
                            22712.5
                        ],
                        [
                            121.0109,
                            23.5001,
                            22712.5
                        ],
                        [
                            121.0588,
                            23.4977,
                            25537.5
                        ],
                        [
                            121.0547,
                            23.4259,
                            25537.5
                        ],
                        [
                            121.0068,
                            23.4282,
                            22712.5
                        ]
                    ]
                ],
                "type": "Polygon"
            },
            "properties": {
                "fill": "#FFFFFF",
                "fill-opacity": 1,
                "rake": 87.4037,
                "rise": 5.0,
                "sf_moment": 6.42e+16,
                "slip": 0.0395,
                "stroke-width": 1.5,
                "trup": 22.4,
                "x==ew": 19.9708,
                "y==ns": -41.1155
            },
            "type": "Feature"
        },
        {
            "geometry": {
                "coordinates": [
                    [
                        [
                            121.0109,
                            23.5001,
                            22712.5
                        ],
                        [
                            121.015,
                            23.572,
                            22712.5
                        ],
                        [
                            121.0629,
                            23.5696,
                            25537.5
                        ],
                        [
                            121.0588,
                            23.4978,
                            25537.5
                        ],
                        [
                            121.0109,
                            23.5001,
                            22712.5
                        ]
                    ]
                ],
                "type": "Polygon"
            },
            "properties": {
                "fill": "#FFFFFF",
                "fill-opacity": 1,
                "rake": 83.0933,
                "rise": 1.0,
                "sf_moment": 7.07e+16,
                "slip": 0.0435,
                "stroke-width": 1.5,
                "trup": 21.4,
                "x==ew": 20.3727,
                "y==ns": -33.1203
            },
            "type": "Feature"
        },
        {
            "geometry": {
                "coordinates": [
                    [
                        [
                            121.015,
                            23.572,
                            22712.5
                        ],
                        [
                            121.0191,
                            23.6439,
                            22712.5
                        ],
                        [
                            121.0671,
                            23.6415,
                            25537.5
                        ],
                        [
                            121.0629,
                            23.5697,
                            25537.5
                        ],
                        [
                            121.015,
                            23.572,
                            22712.5
                        ]
                    ]
                ],
                "type": "Polygon"
            },
            "properties": {
                "fill": "#FFFFFF",
                "fill-opacity": 1,
                "rake": 47.1448,
                "rise": 2.0,
                "sf_moment": 1.32e+17,
                "slip": 0.0809,
                "stroke-width": 1.5,
                "trup": 20.0,
                "x==ew": 20.7793,
                "y==ns": -25.1252
            },
            "type": "Feature"
        },
        {
            "geometry": {
                "coordinates": [
                    [
                        [
                            121.0191,
                            23.6439,
                            22712.5
                        ],
                        [
                            121.0232,
                            23.7158,
                            22712.5
                        ],
                        [
                            121.0712,
                            23.7134,
                            25537.5
                        ],
                        [
                            121.067,
                            23.6416,
                            25537.5
                        ],
                        [
                            121.0191,
                            23.6439,
                            22712.5
                        ]
                    ]
                ],
                "type": "Polygon"
            },
            "properties": {
                "fill": "#FFFFFF",
                "fill-opacity": 1,
                "rake": 53.3755,
                "rise": 1.0,
                "sf_moment": 4370000000000000.0,
                "slip": 0.0027,
                "stroke-width": 1.5,
                "trup": 20.4,
                "x==ew": 21.1853,
                "y==ns": -17.13
            },
            "type": "Feature"
        },
        {
            "geometry": {
                "coordinates": [
                    [
                        [
                            121.0231,
                            23.7158,
                            22712.5
                        ],
                        [
                            121.0273,
                            23.7877,
                            22712.5
                        ],
                        [
                            121.0753,
                            23.7853,
                            25537.5
                        ],
                        [
                            121.0711,
                            23.7135,
                            25537.5
                        ],
                        [
                            121.0231,
                            23.7158,
                            22712.5
                        ]
                    ]
                ],
                "type": "Polygon"
            },
            "properties": {
                "fill": "#FFFFFF",
                "fill-opacity": 1,
                "rake": 44.3548,
                "rise": 5.0,
                "sf_moment": 7.48e+17,
                "slip": 0.4599,
                "stroke-width": 1.5,
                "trup": 20.6,
                "x==ew": 21.5909,
                "y==ns": -9.1348
            },
            "type": "Feature"
        },
        {
            "geometry": {
                "coordinates": [
                    [
                        [
                            121.0273,
                            23.7877,
                            22712.5
                        ],
                        [
                            121.0314,
                            23.8596,
                            22712.5
                        ],
                        [
                            121.0795,
                            23.8572,
                            25537.5
                        ],
                        [
                            121.0754,
                            23.7854,
                            25537.5
                        ],
                        [
                            121.0273,
                            23.7877,
                            22712.5
                        ]
                    ]
                ],
                "type": "Polygon"
            },
            "properties": {
                "fill": "#CEFFFF",
                "fill-opacity": 1,
                "rake": 44.0935,
                "rise": 1.0,
                "sf_moment": 1.69e+18,
                "slip": 1.0391,
                "stroke-width": 1.5,
                "trup": 23.0,
                "x==ew": 22.0062,
                "y==ns": -1.1396
            },
            "type": "Feature"
        },
        {
            "geometry": {
                "coordinates": [
                    [
                        [
                            121.0314,
                            23.8596,
                            22712.5
                        ],
                        [
                            121.0355,
                            23.9315,
                            22712.5
                        ],
                        [
                            121.0836,
                            23.9291,
                            25537.5
                        ],
                        [
                            121.0795,
                            23.8573,
                            25537.5
                        ],
                        [
                            121.0314,
                            23.8596,
                            22712.5
                        ]
                    ]
                ],
                "type": "Polygon"
            },
            "properties": {
                "fill": "#8FFFFF",
                "fill-opacity": 1,
                "rake": 43.8497,
                "rise": 1.0,
                "sf_moment": 2.2e+18,
                "slip": 1.3555,
                "stroke-width": 1.5,
                "trup": 25.4,
                "x==ew": 22.4108,
                "y==ns": 6.8556
            },
            "type": "Feature"
        },
        {
            "geometry": {
                "coordinates": [
                    [
                        [
                            121.0355,
                            23.9315,
                            22712.5
                        ],
                        [
                            121.0396,
                            24.0034,
                            22712.5
                        ],
                        [
                            121.0877,
                            24.001,
                            25537.5
                        ],
                        [
                            121.0836,
                            23.9292,
                            25537.5
                        ],
                        [
                            121.0355,
                            23.9315,
                            22712.5
                        ]
                    ]
                ],
                "type": "Polygon"
            },
            "properties": {
                "fill": "#FFFFFF",
                "fill-opacity": 1,
                "rake": 55.268,
                "rise": 4.0,
                "sf_moment": 9.98e+17,
                "slip": 0.6139,
                "stroke-width": 1.5,
                "trup": 37.4,
                "x==ew": 22.8149,
                "y==ns": 14.8508
            },
            "type": "Feature"
        },
        {
            "geometry": {
                "coordinates": [
                    [
                        [
                            121.0396,
                            24.0034,
                            22712.5
                        ],
                        [
                            121.0437,
                            24.0753,
                            22712.5
                        ],
                        [
                            121.0918,
                            24.0729,
                            25537.5
                        ],
                        [
                            121.0877,
                            24.0011,
                            25537.5
                        ],
                        [
                            121.0396,
                            24.0034,
                            22712.5
                        ]
                    ]
                ],
                "type": "Polygon"
            },
            "properties": {
                "fill": "#FFFFFF",
                "fill-opacity": 1,
                "rake": 70.8049,
                "rise": 3.0,
                "sf_moment": 8.52e+17,
                "slip": 0.524,
                "stroke-width": 1.5,
                "trup": 41.2,
                "x==ew": 23.2083,
                "y==ns": 22.8461
            },
            "type": "Feature"
        },
        {
            "geometry": {
                "coordinates": [
                    [
                        [
                            121.0437,
                            24.0753,
                            22712.5
                        ],
                        [
                            121.0478,
                            24.1472,
                            22712.5
                        ],
                        [
                            121.096,
                            24.1448,
                            25537.5
                        ],
                        [
                            121.0918,
                            24.073,
                            25537.5
                        ],
                        [
                            121.0437,
                            24.0753,
                            22712.5
                        ]
                    ]
                ],
                "type": "Polygon"
            },
            "properties": {
                "fill": "#81FFFF",
                "fill-opacity": 1,
                "rake": 69.7381,
                "rise": 3.0,
                "sf_moment": 2.3e+18,
                "slip": 1.4123,
                "stroke-width": 1.5,
                "trup": 41.2,
                "x==ew": 23.6115,
                "y==ns": 30.8413
            },
            "type": "Feature"
        },
        {
            "geometry": {
                "coordinates": [
                    [
                        [
                            121.0479,
                            24.1472,
                            22712.5
                        ],
                        [
                            121.052,
                            24.2191,
                            22712.5
                        ],
                        [
                            121.1002,
                            24.2167,
                            25537.5
                        ],
                        [
                            121.096,
                            24.1449,
                            25537.5
                        ],
                        [
                            121.0479,
                            24.1472,
                            22712.5
                        ]
                    ]
                ],
                "type": "Polygon"
            },
            "properties": {
                "fill": "#69FF00",
                "fill-opacity": 1,
                "rake": 41.2235,
                "rise": 3.0,
                "sf_moment": 5.52e+18,
                "slip": 3.396,
                "stroke-width": 1.5,
                "trup": 22.4,
                "x==ew": 24.0243,
                "y==ns": 38.8366
            },
            "type": "Feature"
        },
        {
            "geometry": {
                "coordinates": [
                    [
                        [
                            121.0519,
                            24.2191,
                            22712.5
                        ],
                        [
                            121.0561,
                            24.291,
                            22712.5
                        ],
                        [
                            121.1043,
                            24.2886,
                            25537.5
                        ],
                        [
                            121.1001,
                            24.2168,
                            25537.5
                        ],
                        [
                            121.0519,
                            24.2191,
                            22712.5
                        ]
                    ]
                ],
                "type": "Polygon"
            },
            "properties": {
                "fill": "#00FF12",
                "fill-opacity": 1,
                "rake": 41.0824,
                "rise": 1.0,
                "sf_moment": 4.76e+18,
                "slip": 2.9285,
                "stroke-width": 1.5,
                "trup": 23.2,
                "x==ew": 24.4264,
                "y==ns": 46.8319
            },
            "type": "Feature"
        },
        {
            "geometry": {
                "coordinates": [
                    [
                        [
                            121.056,
                            24.2909,
                            22712.5
                        ],
                        [
                            121.0602,
                            24.3628,
                            22712.5
                        ],
                        [
                            121.1084,
                            24.3604,
                            25537.5
                        ],
                        [
                            121.1042,
                            24.2886,
                            25537.5
                        ],
                        [
                            121.056,
                            24.2909,
                            22712.5
                        ]
                    ]
                ],
                "type": "Polygon"
            },
            "properties": {
                "fill": "#9DFFFF",
                "fill-opacity": 1,
                "rake": 80.3264,
                "rise": 5.0,
                "sf_moment": 2.06e+18,
                "slip": 1.268,
                "stroke-width": 1.5,
                "trup": 40.0,
                "x==ew": 24.8281,
                "y==ns": 54.816
            },
            "type": "Feature"
        },
        {
            "geometry": {
                "coordinates": [
                    [
                        [
                            121.0601,
                            24.3628,
                            22712.5
                        ],
                        [
                            121.0642,
                            24.4347,
                            22712.5
                        ],
                        [
                            121.1125,
                            24.4323,
                            25537.5
                        ],
                        [
                            121.1083,
                            24.3605,
                            25537.5
                        ],
                        [
                            121.0601,
                            24.3628,
                            22712.5
                        ]
                    ]
                ],
                "type": "Polygon"
            },
            "properties": {
                "fill": "#FFFFFF",
                "fill-opacity": 1,
                "rake": 83.2345,
                "rise": 2.0,
                "sf_moment": 6.8e+17,
                "slip": 0.418,
                "stroke-width": 1.5,
                "trup": 44.2,
                "x==ew": 25.2293,
                "y==ns": 62.8113
            },
            "type": "Feature"
        },
        {
            "geometry": {
                "coordinates": [
                    [
                        [
                            121.0642,
                            24.4347,
                            22712.5
                        ],
                        [
                            121.0683,
                            24.5066,
                            22712.5
                        ],
                        [
                            121.1166,
                            24.5042,
                            25537.5
                        ],
                        [
                            121.1125,
                            24.4323,
                            25537.5
                        ],
                        [
                            121.0642,
                            24.4347,
                            22712.5
                        ]
                    ]
                ],
                "type": "Polygon"
            },
            "properties": {
                "fill": "#FFFFFF",
                "fill-opacity": 1,
                "rake": 42.7821,
                "rise": 4.0,
                "sf_moment": 3.21e+17,
                "slip": 0.1973,
                "stroke-width": 1.5,
                "trup": 50.6,
                "x==ew": 25.6249,
                "y==ns": 70.8066
            },
            "type": "Feature"
        },
        {
            "geometry": {
                "coordinates": [
                    [
                        [
                            121.0684,
                            24.5066,
                            22712.5
                        ],
                        [
                            121.0725,
                            24.5785,
                            22712.5
                        ],
                        [
                            121.1208,
                            24.5761,
                            25537.5
                        ],
                        [
                            121.1167,
                            24.5042,
                            25537.5
                        ],
                        [
                            121.0684,
                            24.5066,
                            22712.5
                        ]
                    ]
                ],
                "type": "Polygon"
            },
            "properties": {
                "fill": "#CEFFFF",
                "fill-opacity": 1,
                "rake": 43.0796,
                "rise": 4.0,
                "sf_moment": 1.7e+18,
                "slip": 1.044,
                "stroke-width": 1.5,
                "trup": 52.8,
                "x==ew": 26.0351,
                "y==ns": 78.802
            },
            "type": "Feature"
        },
        {
            "geometry": {
                "coordinates": [
                    [
                        [
                            121.0725,
                            24.5785,
                            22712.5
                        ],
                        [
                            121.0766,
                            24.6504,
                            22712.5
                        ],
                        [
                            121.125,
                            24.648,
                            25537.5
                        ],
                        [
                            121.1208,
                            24.5761,
                            25537.5
                        ],
                        [
                            121.0725,
                            24.5785,
                            22712.5
                        ]
                    ]
                ],
                "type": "Polygon"
            },
            "properties": {
                "fill": "#8AFFFF",
                "fill-opacity": 1,
                "rake": 44.7463,
                "rise": 4.0,
                "sf_moment": 2.25e+18,
                "slip": 1.3805,
                "stroke-width": 1.5,
                "trup": 52.8,
                "x==ew": 26.4298,
                "y==ns": 86.7973
            },
            "type": "Feature"
        },
        {
            "geometry": {
                "coordinates": [
                    [
                        [
                            121.0766,
                            24.6504,
                            22712.5
                        ],
                        [
                            121.0807,
                            24.7223,
                            22712.5
                        ],
                        [
                            121.1291,
                            24.7199,
                            25537.5
                        ],
                        [
                            121.1249,
                            24.648,
                            25537.5
                        ],
                        [
                            121.0766,
                            24.6504,
                            22712.5
                        ]
                    ]
                ],
                "type": "Polygon"
            },
            "properties": {
                "fill": "#FFFFFF",
                "fill-opacity": 1,
                "rake": 40.55,
                "rise": 1.0,
                "sf_moment": 9.01e+17,
                "slip": 0.554,
                "stroke-width": 1.5,
                "trup": 48.8,
                "x==ew": 26.8289,
                "y==ns": 94.7926
            },
            "type": "Feature"
        }
    ],
    "metadata": {
        "epicenter": {
            "date": "1999-09-20T00:00:00.000000Z",
            "depth": 10.0,
            "lat": 23.834,
            "location": "TAIWAN",
            "lon": 120.813,
            "mag": 7.58,
            "moment": 3.0437142e+20
        },
        "eventid": "p0009eq0"
    },
    "type": "FeatureCollection"
}